sheet,blend_key,blend_id,target_grade,n_comp,row,col,spec_axis,stated_weight,calc_weight,stated_bloom,calc_bloom,stated_viscosity,calc_viscosity,stated_t450,calc_t450,stated_t620,calc_t620,stated_moisture,calc_moisture,stated_so2,calc_so2,sheet_ord,blend_month,blend_day
0101,0101#101@r0c0,101,,12,0,0,moisture,5070.0,5070.0,165.10766075,165.1076607495069,3.877915582,3.8779155818540434,75.664126233,75.66412623274162,92.041633136,92.04163313609467,12.01790572,12.017905719921105,,,0,1,1
0102,0102#102@r0c0,102,,2,0,0,,207.4,207.4,194.951108968,194.95110896817744,4.076875603,4.076875602700096,77.902507232,77.90250723240116,93.072516876,93.07251687560269,,,,,1,1,2
103-04,103-04#103@r0c0,103,220,11,0,0,moisture,5187.4,5187.4,236.508374137,236.5083741373328,4.972556194,4.97255619385434,87.921779697,87.92177969695803,96.05367236,96.05367235994912,12.34059259,12.340592589736671,,,2,1,3
103-04,103-04#104@r26c0,104,220,11,26,0,moisture,5125.0,5125.0,236.526181463,236.52618146341462,4.968086244,4.968086243902439,86.129322927,86.12932292682926,95.219769756,95.21976975609756,12.468421854,12.468421853658535,,,2,1,3
105,105#105@r0c0,105,,12,0,0,moisture,5129.6,5129.6,255.997290237,255.9972902370555,4.979076731,4.979076731129132,90.636829382,90.63682938240798,97.033152682,97.03315268247036,12.83941243,12.839412429819088,,,3,1,5
106,106#106@r0c0,106,,12,0,0,moisture,5266.4,5266.4,161.49988607,161.4998860701808,3.918077624,3.9180776241835034,77.696954276,77.69695427616588,92.565494455,92.56549445541546,11.882101625,11.882101625398755,,,4,1,6
107,107#107@r0c0,107,,10,0,0,moisture,5168.2,5168.2,159.410874192,159.41087419217524,3.902290546,3.9022905460315003,77.800766224,77.80076622421733,93.538454394,93.5384543941798,11.94219767,11.942197670368794,,,5,1,7
108,108#108@r0c0,108,,11,0,0,moisture,5043.4,5043.4,162.917769758,162.91776975849626,3.899286989,3.8992869889360358,77.018221834,77.01822183447675,92.934651227,92.93465122734663,11.883133997,11.88313399690685,,,6,1,8
109,109#109@r0c0,109,,11,0,0,moisture,5088.4,5088.4,162.064432828,162.0644328276079,3.901900794,3.901900793962739,76.126220423,76.12622042292273,92.319275214,92.31927521421272,11.91493554,11.914935539658833,,,7,1,9
110,110#110@r0c0,110,,11,0,0,moisture,5073.0,5073.0,217.162140745,217.16214074512123,4.959320718,4.959320717524148,78.598561009,78.59856100926473,93.323370787,93.32337078651686,13.139756436,13.139756436033906,,,8,1,10
110,110#111@r0c9,111,,12,0,9,,5056.8,5056.8,218.214269894,218.2142698940041,4.961851764,4.961851763961398,79.456332068,79.4563320677108,93.387391236,93.38739123556398,,,,,8,1,10
115,115#115@r0c0,115,,11,0,0,,5073.8,5073.8,217.500122196,217.50012219638143,4.974247704,4.974247703890575,78.18099255,78.18099254996254,92.762694627,92.76269462730103,,,,,9,1,15
116,116#116@r0c0,116,,10,0,0,,5049.2,5049.2,157.513958647,157.51395864691438,3.857335023,3.8573350233700388,75.134900578,75.13490057830944,77.123536402,77.12353640180622,,,,,10,1,16
117,117#117-2@r0c0,117-2,,12,0,0,moisture,4990.0,4990.0,161.973282565,161.97328256513023,3.908675351,3.908675350701403,76.091002004,76.09100200400802,92.58743487,92.58743486973948,11.89242004,11.892420040080161,,,11,1,17
117,117#117-1@r0c9,117-1,,12,0,9,moisture,5037.4,5037.4,161.675916147,161.67591614721883,3.898611585,3.898611585341645,76.918156192,76.91815619168618,92.788684639,92.78868463890103,11.854122365,11.854122364711955,,,11,1,17
118,118#118@r0c0,118,,2,0,0,,1052.0,1052.0,137.236368821,137.2363688212928,3.418201521,3.4182015209125476,73.426159696,73.4261596958175,91.365532319,91.36553231939165,,,,,12,1,18
119-20,119-20#119@r0c0,119,,11,0,0,,4557.0,4557.0,216.667518104,216.6675181040158,5.001280667,5.001280667105552,78.198542901,78.19854290103139,93.043563748,93.04356374807988,,,,,13,1,19
119-20,119-20#120@r0c9,120,,11,0,9,,5116.2,5116.2,216.17314804,216.17314803956063,4.973372034,4.973372033931434,79.407575935,79.40757593526445,93.324913021,93.32491302138305,,,,,13,1,19
121-23,121-23#121@r0c0,121,,13,0,0,,5120.6,5120.6,256.279787525,256.2797875248994,4.956048119,4.956048119361012,79.286310198,79.28631019802366,92.908479475,92.90847947506151,,,,,14,1,21
121-23,121-23#122@r0c8,122,,11,0,8,,5143.8,5143.8,216.075352852,216.0753528519771,4.968844434,4.968844434075974,79.529647342,79.52964734243166,93.608620086,93.60862008631752,,,,,14,1,21
121-23,121-23#123@r26c0,123,,12,26,0,,5121.6,5121.6,217.640620119,217.6406201187129,4.963997188,4.963997188378632,78.690245236,78.69024523586378,92.656825992,92.65682599187754,,,,,14,1,21
124-26,124-26#124@r0c0,124,,11,0,0,,5181.4,5181.4,99.815837418,99.81583741845834,2.782983364,2.782983363569692,67.996664994,67.99666499401707,88.598540935,88.59854093488246,,,,,15,1,24
124-26,124-26#125@r0c9,125,,8,0,9,,4594.2,4594.2,97.995189587,97.99518958687041,2.728292195,2.7282921945061163,68.397279178,68.39727917809412,88.285342388,88.28534238822864,,,,,15,1,24
124-26,124-26#126@r26c0,126,,5,26,0,,2070.4,2070.4,254.634138331,254.63413833075734,4.961679869,4.961679868624421,80.208945131,80.20894513137559,93.611939722,93.6119397217929,,,,,15,1,24
127,127#127@r0c0,127,200,12,0,0,,5085.0,5085.0,217.943052114,217.94305211406095,4.971371485,4.9713714847590955,77.790049164,77.79004916420845,92.554827925,92.5548279252704,,,,,16,1,27
128,128#128@r0c0,128,,11,0,0,moisture,5169.8,5169.8,158.803164532,158.8031645324771,3.888080003,3.888080003094897,77.658895895,77.65889589539248,93.065878757,93.06587875739874,11.700990754,11.70099075399435,,,17,1,28
131,131#131@r0c0,131,,14,0,0,moisture,5563.8,5563.8,158.328444588,158.32844458823106,3.881636292,3.8816362917430536,77.421258852,77.42125885186384,93.600704554,93.60070455444121,11.774413171,11.774413170854451,,,18,1,31
201-202,201-202#201@r0c0,201,,11,0,0,moisture,5045.0,5045.0,160.173446977,160.17344697720517,3.875411695,3.8754116947472745,77.788344896,77.78834489593658,93.772959366,93.77295936570863,11.648807136,11.648807135777998,,,19,2,1
201-202,201-202#202@r26c0,202,,10,26,0,moisture,5034.4,5034.4,159.66365406,159.66365406006673,3.897595344,3.897595344033053,78.306773399,78.30677339901479,93.926783728,93.9267837279517,11.92359447,11.923594470046083,,,19,2,1
204,204#204@r0c0,204,,11,0,0,moisture,5009.8,5009.8,158.708587169,158.70858716914847,3.877859396,3.8778593955846543,77.326807457,77.32680745738352,91.838129267,91.8381292666374,11.716050541,11.716050540939758,,,20,2,4
205,205#205@r0c0,205,,11,0,0,moisture,5084.2,5084.2,159.754765745,159.7547657448566,3.91974824,3.9197482396443886,77.008591322,77.00859132213523,93.554211085,93.55421108532316,11.86428858,11.864288580307619,,,21,2,5
206,206#206@r0c0,206,,2,0,0,,600.0,600.0,217.85,217.85,4.965,4.965,87.45,87.45,97.5,97.5,,,,,22,2,6
206,206#206@r26c0,206,,2,26,0,,600.0,600.0,218.57,218.57,4.9505,4.9505,87.43,87.43,97.72,97.72,,,,,22,2,6
207,207#207@r0c0,207,,11,0,0,moisture,5018.0,5018.0,217.805707453,217.8057074531686,4.972941411,4.9729414109206855,82.397273814,82.39727381426863,95.124615385,95.12461538461538,11.810435233,11.810435233160621,,,23,2,7
208-211,208-211#208@r0c0,208,,11,0,0,,5089.2,5089.2,177.69209699,177.69209698970369,4.080008253,4.080008252770573,78.242002672,78.24200267232571,93.371111373,93.37111137310383,,,,,24,2,8
208-211,208-211#209@r0c9,209,,11,0,9,,5069.4,5069.4,178.992326508,178.99232650806803,4.082417249,4.082417248589577,78.479646506,78.47964650648991,93.682372667,93.68237266737681,,,,,24,2,8
208-211,208-211#210@r26c0,210,,10,26,0,,5067.2,5067.2,178.598658036,178.5986580359962,4.079165614,4.07916561414588,79.52716293,79.52716293021787,93.972919956,93.97291995579414,,,,,24,2,8
208-211,208-211#211@r26c9,211,,11,26,9,,5072.6,5072.6,178.722497339,178.72249733864288,4.085971297,4.085971296770887,77.692733509,77.69273350944287,93.156164492,93.15616449158222,,,,,24,2,8
212-13,212-13#212@r0c0,212,,3,0,0,,1150.8,1150.8,141.20597845,141.2059784497741,3.759527285,3.7595272853667017,73.238095238,73.23809523809524,92.186826555,92.18682655543971,,,,,25,2,12
212-13,212-13#213@r0c9,213,,10,0,9,,3086.2,3086.2,281.573345862,281.57334586222544,5.012730218,5.01273021839155,83.233523427,83.23352342686799,94.664428747,94.66442874732681,,,,,25,2,12
214-15,214-15#214@r0c0,214,,10,0,0,moisture,5084.2,5084.2,239.270012981,239.27001298139336,4.966161441,4.966161441328036,92.6717399,92.67173990008261,97.829727391,97.82972739073995,12.85056174,12.85056174029346,,,26,2,14
214-15,214-15#215@r0c9,215,,12,0,9,moisture,5376.0,5376.0,243.486919643,243.48691964285712,4.988574777,4.988574776785715,89.283061756,89.28306175595237,96.177131696,96.17713169642857,12.487481771,12.487481770833334,,,26,2,14
218,218#218@r0c0,218,,11,0,0,moisture,5112.8,5112.8,182.049119856,182.04911985604755,4.070330543,4.070330542951025,77.902965107,77.90296510718198,93.791546706,93.79154670630575,11.304633078,11.304633077765608,,,28,2,18
219,219#219@r0c0,219,,6,0,0,,2469.6,2469.6,176.975558795,176.97555879494655,3.899860706,3.8998607061872366,79.553279883,79.55327988338193,94.34047619,94.3404761904762,,,,,29,2,19
JK,JK#2018@r0c0,2018,,11,0,0,so2,5132.2,5132.2,265.103667043,265.1036670433732,4.931656989,4.931656989205409,82.633237208,82.63323720821481,94.851923152,94.85192315186471,,,0.0,0.0,30,,
JK,JK#2018@r0c9,2018,,9,0,9,so2,5153.6,5153.6,265.916015989,265.91601598882335,4.935957001,4.9359570009313884,86.685074511,86.68507451102141,96.547233002,96.54723300217323,,,6.183673549,6.183673548587395,30,,
JK,JK#2019@r26c0,2019,,12,26,0,so2,5182.4,5182.4,264.745654523,264.74565452300095,4.917889395,4.917889394874961,85.964977617,85.96497761654832,96.408555881,96.4085558814449,,,6.529507564,6.529507564062982,30,,
JK,JK#2019@r26c9,2019,,11,26,9,so2,5054.2,5054.2,264.846369356,264.846369356179,4.927586166,4.927586165960983,86.339424637,86.33942463693563,96.293981243,96.29398124332238,,,6.152653239,6.152653238890428,30,,
JK,JK#2020@r50c0,2020,,12,50,0,so2,5075.8,5075.8,264.004350053,264.0043500531936,4.939949959,4.939949958627212,87.261231727,87.2612317270184,96.704728319,96.70472831868868,,,6.120513023,6.120513022577722,30,,
JK,JK#2020@r50c9,2020,,12,50,9,so2,5068.4,5068.4,263.05596638,263.05596637992267,4.928953516,4.928953515902455,86.562970563,86.56297056270225,96.183647699,96.18364769947124,,,6.57617394,6.5761739404940425,30,,
220-21,220-21#220@r0c0,220,,11,0,0,,5110.2,5110.2,178.485139525,178.48513952487184,3.969426637,3.969426636922234,78.920324058,78.92032405776682,94.282270753,94.28227075261243,,,,,31,2,20
220-21,220-21#221@r26c0,221,,14,26,0,,4021.2,4021.2,179.505396399,179.50539639908484,4.021715408,4.02171540833582,79.029150502,79.02915050233761,94.268561623,94.268561623396,,,,,31,2,20
301,301#301@r0c0,301,,5,0,0,moisture,2097.8,2097.8,178.767890171,178.76789017065497,4.041446277,4.04144627705215,79.912031652,79.91203165220708,94.706835733,94.70683573267232,11.211504433,11.211504433215747,,,32,3,1
302-03,302-03#302@r0c0,302,220,11,0,0,,5043.6,5043.6,237.887084622,237.88708462209533,4.974143469,4.974143468950749,81.781711476,81.78171147592988,94.386160679,94.38616067888016,,,,,33,3,2
302-03,302-03#303@r0c9,303,220,12,0,9,,5112.8,5112.8,237.313366453,237.31336645282428,4.973314035,4.973314035362228,81.919022845,81.91902284462526,94.546956658,94.54695665780002,,,,,33,3,2
304-307,304-307#307@r0c0,307,140,13,0,0,,5008.4,5008.4,167.849428959,167.8494289593483,3.849440939,3.849440939222107,78.10217235,78.10217235045124,94.006265474,94.00626547400368,,,,,34,3,4
304-307,304-307#304@r0c9,304,160,13,0,9,,5985.4,5985.4,184.646225816,184.64622581615265,3.881991513,3.881991512680857,79.075817823,79.07581782337022,93.705951148,93.70595114779296,,,,,34,3,4
306,306#306@r0c0,306,200,12,0,0,moisture,5087.0,5087.0,218.696890112,218.69689011205028,4.93362414,4.933624139964615,86.635565166,86.63556516610969,94.991279733,94.99127973265185,12.739421663,12.739421663062707,,,35,3,6
308-9,308-9#308@r0c0,308,220,10,0,0,moisture,5092.2,5092.2,236.253501434,236.25350143356508,4.889444248,4.8894442480656695,91.531821217,91.5318212167629,97.410769412,97.41076941204194,12.557236951,12.557236950630376,,,36,3,8
309-10,309-10#309@r0c0,309,80,10,0,0,,5033.2,5033.2,102.932202178,102.93220217754113,2.768399428,2.768399427799412,65.98238099,65.9823809902249,88.47771994,88.47771993960106,,,,,37,3,9
309-10,309-10#310@r0c9,310,80,11,0,9,,5041.4,5041.4,104.36283572,104.36283572023646,2.766806046,2.76680604593962,68.326948863,68.32694886341098,90.106529932,90.1065299321617,,,,,37,3,9
311-12,311-12#311@r0c0,311,240,13,0,0,,5047.4,5047.4,258.415889369,258.41588936878395,4.966270951,4.96627095138091,85.790719975,85.79071997464042,96.562174585,96.56217458493482,,,,,38,3,11
313-14,313-14#14@r0c0,14,200,10,0,0,,5074.4,5074.4,216.84175469,216.8417546902097,4.967836986,4.967836985653477,83.76870566,83.76870565978244,95.571373956,95.57137395554155,,,,,39,3,13
313-14,313-14#13@r0c9,13,200,11,0,9,,5085.0,5085.0,216.33926057,216.3392605703048,4.973644051,4.973644051130777,83.318985251,83.31898525073746,95.754222222,95.75422222222223,,,,,39,3,13
315,315#315@r0c0,315,160,10,0,0,moisture,5074.8,5074.8,176.350733034,176.35073303381412,3.94881887,3.948818869709151,79.700323165,79.70032316544494,94.551714353,94.55171435327502,11.247799322,11.247799322140773,,,40,3,15
317-18,317-18#317@r0c0,317,240,13,0,0,,5025.8,5025.8,255.129686816,255.12968681602928,4.955035218,4.955035218273707,84.726220701,84.72622070118189,95.616634168,95.6166341676947,,,,,41,3,17
317-18,317-18#318@r0c9,318,240,13,0,9,,5070.6,5070.6,255.544487832,255.54448783181473,4.957468544,4.95746854415651,84.667948566,84.66794856624462,95.695479825,95.69547982487279,,,,,41,3,17
319,319#319@r0c0,319,160,10,0,0,moisture,5001.4,5001.4,177.734558324,177.73455832366938,3.945634822,3.9456348222497706,79.227988163,79.22798816331428,95.189115048,95.18911504778661,10.889262606,10.889262606470188,,,42,3,19
322-24,322-24#322@r0c0,322,200,11,0,0,,5019.2,5019.2,218.624557698,218.624557698438,4.865322362,4.865322362129422,83.290277335,83.29027733503348,96.463647593,96.46364759324196,,,,,43,3,22
322-24,322-24#323@r0c9,323,200,10,0,9,,5119.8,5119.8,217.768576898,217.76857689753507,4.87407555,4.874075549826165,82.518563225,82.51856322512597,95.211984843,95.21198484315794,,,,,43,3,22
322-24,322-24#324@r26c0,324,200,11,26,0,,4979.2,4979.2,216.069452924,216.06945292416452,4.868534303,4.868534302699229,81.964170951,81.96417095115682,95.630261889,95.63026188946016,,,,,43,3,22
325,325#325@r0c0,325,220,12,0,0,,5077.8,5077.8,237.028319351,237.0283193509,4.970733782,4.970733782346685,79.208326441,79.2083264405845,93.333014298,93.33301429753043,,,,,44,3,25
326-27,326-27#326@r0c0,326,140,12,0,0,,5021.6,5021.6,158.198665764,158.19866576389995,3.915849132,3.915849131750836,76.357025649,76.35702564919546,93.774179544,93.77417954436832,,,,,45,3,26
326-27,326-27#327@r0c9,327,140,13,0,9,,5084.6,5084.6,159.229599182,159.22959918184318,3.910831924,3.9108319238484834,76.464925461,76.46492546119654,92.98569799,92.98569799000903,,,,,45,3,26
328-29,328-29#328@r0c0,328,240,11,0,0,,4043.0,4043.0,258.088681672,258.08868167202576,4.949789265,4.949789265396983,88.677689834,88.67768983428148,97.599193668,97.59919366806827,,,,,46,3,28
328-29,328-29#329@r26c0,329,160,14,26,0,,5067.0,5067.0,175.952851786,175.9528517860667,3.958648589,3.9586485889086243,78.953025459,78.95302545885139,94.216502862,94.21650286165384,,,,,46,3,28
401-403,401-403#402@r0c0,402,200,10,0,0,,4995.8,4995.8,216.780891949,216.78089194923734,4.905799672,4.905799671724248,86.436858962,86.43685896152768,97.62992914,97.629929140478,,,,,47,4,1
401-403,401-403#401@r0c9,401,200,13,0,9,,5236.0,5236.0,216.784537815,216.78453781512607,4.925443468,4.925443468296409,86.56460657,86.56460656990069,97.302284186,97.30228418640183,,,,,47,4,1
401-403,401-403#403@r27c0,403,200,10,27,0,,5153.8,5153.8,216.749427607,216.74942760681438,4.9055299,4.905529900267763,86.485944352,86.48594435174046,97.205149598,97.20514959835461,,,,,47,4,1
404,404#404@r0c0,404,160,10,0,0,moisture,3602.6,3602.6,177.114056515,177.11405651473936,3.950091601,3.9500916005107425,79.554116471,79.5541164714373,94.522378282,94.52237828235164,11.294454005,11.294454005440516,,,48,4,4
405,405#405@r0c0,405,160,12,0,0,moisture,4987.8,4987.8,178.94879506,178.94879505994626,4.016753278,4.0167532779983155,79.274124865,79.27412486466979,94.24174185,94.24174185011428,11.450050924,11.450050924255182,,,49,4,5
405,405#405@r0c9,405,160,15,0,9,moisture,5082.2,5082.2,177.961268742,177.96126874188346,3.985098579,3.9850985793553972,78.909161387,78.909161386801,93.554492149,93.5544921490693,10.019704852,10.01970485222935,,,49,4,5
406-409,406-409#406@r0c0,406,200,14,0,0,,5167.2,5167.2,218.727732621,218.7277326211488,4.982896346,4.98289634618362,83.604814987,83.60481498684007,96.030786499,96.03078649945813,,,,,50,4,6
406-409,406-409#407@r0c10,407,200,13,0,10,,5024.0,5024.0,217.321441083,217.32144108280252,4.955968949,4.955968949044586,83.056433121,83.05643312101911,95.637806529,95.63780652866241,,,,,50,4,6
406-409,406-409#408@r26c0,408,220,12,26,0,,5133.6,5133.6,237.109630669,237.10963066853668,4.99507597,4.995075970079476,80.996096307,80.99609630668536,94.319767804,94.3197678042699,,,,,50,4,6
406-409,406-409#409@r26c10,409,220,10,26,10,,5021.2,5021.2,238.52311798,238.5231179797658,4.960134231,4.960134230861149,82.87144109,82.87144108977932,95.337437266,95.33743726599221,,,,,50,4,6
410,410#410@r0c0,410,180,2,0,0,,1000.4,1000.4,189.442203119,189.44220311875247,4.434940024,4.4349400239904035,83.099280288,83.09928028788485,95.999280288,95.99928028788484,,,,,51,4,10
410,410#411@r26c0,411,240,6,26,0,,2606.6,2606.6,282.26698381,282.26698381032764,5.104922121,5.104922120770352,89.329279521,89.32927952121537,97.92136116,97.92136116013198,,,,,51,4,10
JK4,JK4#401@r0c0,401,240,11,0,0,,5017.0,5017.0,264.009950169,264.0099501694239,4.947271278,4.94727127765597,85.258752242,85.25875224237592,95.779968108,95.77996810843133,,,,,52,4,1
JK4,JK4#402@r0c8,402,240,11,0,8,,5091.4,5091.4,264.835632635,264.8356326354244,4.935361983,4.935361982951645,86.754994697,86.75499469693995,96.473453274,96.47345327414857,,,,,52,4,1
JK4,JK4#403@r0c19,403,240,15,0,19,,4872.4,4872.4,265.914928988,265.91492898776784,4.945978163,4.9459781627124215,82.898374518,82.8983745176915,94.524961005,94.52496100484362,,,,,52,4,1
JK4,JK4#401@r26c0,401,240,11,26,0,,5149.0,5149.0,265.162474267,265.16247426684794,4.955744028,4.9557440279665945,87.245243737,87.2452437366479,96.243561857,96.24356185667119,,,,,52,4,1
JK4,JK4#402@r26c8,402,240,14,26,8,,4978.0,4978.0,264.984648453,264.98464845319404,4.944208919,4.9442089192446765,87.717496987,87.71749698674166,96.886500603,96.88650060265167,,,,,52,4,1
0411-13,0411-13#411@r0c0,411,240,2,0,0,,619.6,619.6,250.144157521,250.14415752098128,4.920961911,4.920961910910264,90.448095546,90.44809554551323,96.200710136,96.20071013557133,,,,,53,4,11
0411-13,0411-13#412@r25c0,412,240,2,25,0,,1016.2,1016.2,267.352312537,267.3523125369022,4.89,4.89,92.300098406,92.30009840582564,99.150049203,99.15004920291281,,,,,53,4,11
0411-13,0411-13#413@r36c0,413,220,3,36,0,,1085.6,1085.6,245.870283714,245.8702837140752,4.326460943,4.326460943257186,92.130545321,92.13054532056007,98.94624171,98.94624170965366,,,,,53,4,11
414-16,414-16#414@r0c0,414,200,9,0,0,,5070.0,5070.0,218.901739645,218.90173964497043,4.806177515,4.8061775147929,85.520674556,85.52067455621302,95.686410256,95.68641025641026,,,,,54,4,14
414-16,414-16#416@r0c10,416,200,9,0,10,,4917.8,4917.8,218.769384684,218.7693846842084,4.798114604,4.798114604091261,86.436853878,86.43685387775022,96.634446297,96.63444629712473,,,,,54,4,14
414-16,414-16#415@r26c0,415,200,13,26,0,,5177.0,5177.0,216.36797373,216.36797372995943,4.789481553,4.789481553022987,86.967938961,86.9679389607881,96.314997103,96.31499710256905,,,,,54,4,14
417,417#417@r0c0,417,140,12,0,0,,5228.8,5228.8,182.505374082,182.50537408200736,3.866075581,3.866075581395349,79.140846848,79.14084684822521,94.112683599,94.11268359853122,,,,,55,4,17
501,501#501@r0c0,501,160,13,0,0,,4822.6,4822.6,178.571475967,178.57147596732054,3.961978601,3.9619786007547795,78.163604695,78.16360469456309,93.41543151,93.41543150997387,,,,,56,5,1
502,502#502@r0c0,502,140,22,0,0,,10031.8,10031.8,159.931449989,159.9314499890349,3.750945194,3.7509451942821834,75.406581072,75.40658107219043,92.849983054,92.84998305388864,,,,,57,5,2
503,503#503@r0c0,503,140,23,0,0,,10006.6,10006.6,157.211492415,157.2114924150061,3.797610577,3.797610577019167,77.789375012,77.78937501249176,94.126464533,94.12646453340795,,,,,58,5,3
504,504#504@r0c0,504,120,21,0,0,so2,10050.0,10050.0,130.972877612,130.9728776119403,3.381321791,3.381321791044776,75.936937313,75.93693731343284,93.476704478,93.47670447761195,,,9.614674627,9.614674626865671,59,5,4
601-2,601-2#601@r0c0,601,160,20,0,0,moisture,10065.0,10065.0,178.231900646,178.23190064580228,4.008635668,4.0086356681569795,79.480498758,79.48049875807253,94.185464481,94.18546448087433,11.170550621,11.170550620963736,,,60,6,1
601-2,601-2#602@r0c10,602,140,20,0,10,moisture,9996.6,9996.6,157.57570574,157.5757057399516,3.837298281,3.8372982814156815,78.795534482,78.79553448172378,94.556461197,94.55646119680691,11.51017566,11.510175659724306,,,60,6,1
603,603#603@r0c0,603,160,20,0,0,moisture,10104.6,10104.6,177.18227342,177.18227342002652,4.001936544,4.00193654375235,79.94881935,79.94881934960314,94.526488926,94.52648892583575,11.485636443,11.485636442808225,,,61,6,3
604,604#604@r0c0,604,240,21,0,0,,10125.4,10125.4,247.449131886,247.4491318861477,4.971151164,4.971151164398444,82.689703123,82.68970312283959,94.826750548,94.8267505481265,,,,,62,6,4
0605,0605#605@r0c0,605,160,14,0,0,,10021.2,10021.2,170.427972698,170.42797269788048,3.897166008,3.8971660080629063,79.69624995,79.69624995010578,94.431614976,94.43161497625036,,,,,63,6,5
606,606#606@r0c0,606,220,20,0,0,,10135.4,10135.4,227.880675652,227.88067565167628,4.975776388,4.975776387710401,82.754604653,82.75460465299841,95.052611638,95.05261163841585,,,,,64,6,6
607,607#607@r0c0,607,220,15,0,0,,9915.8,9915.8,229.5065915,229.50659150043367,4.958349906,4.958349906210291,85.876010004,85.87601000423567,96.631105912,96.63110591177717,,,,,65,6,7
608,608#608@r0c0,608,180,18,0,0,,6293.58,6293.58,188.526858799,188.52685879896657,4.124358918,4.124358918135624,81.675272262,81.67527226157449,95.066989535,95.0669895353678,,,,,66,6,8
609,609#609@r0c0,609,140,21,0,0,moisture,10089.4,10089.4,150.360695383,150.36069538327354,3.790483081,3.790483081253593,78.469177553,78.46917755267904,94.301258747,94.30125874680358,11.632471901,11.632471901203242,,,67,6,9
610,610#610@r0c0,610,140,22,0,0,moisture,10129.6,10129.6,151.311384457,151.31138445743167,3.773768362,3.773768362028116,78.63485034,78.6348503395988,94.545034355,94.54503435476228,11.678359264,11.678359263939347,,,68,6,10
611,611#611@r0c0,611,140,19,0,0,moisture,9785.4,9785.4,150.819349235,150.81934923457396,3.774886055,3.7748860547346053,78.559784986,78.55978498579518,94.391168475,94.39116847548388,11.447877246,11.447877245692563,,,69,6,11
612,612#612@r0c0,612,200,19,0,0,,10036.6,10036.6,209.632690353,209.63269035330688,4.958175677,4.9581756770220995,83.494143435,83.4941434350278,95.71303828,95.71303827989557,,,,,70,6,12
613,613#613@r0c0,613,240,21,0,0,,10101.6,10101.6,250.846164964,250.84616496396612,4.962350915,4.962350914706581,87.237354478,87.23735447849845,96.787241625,96.7872416250891,,,,,71,6,13
614,614#614@r0c0,614,220,20,0,0,,9992.4,9992.4,229.060501982,229.06050198150598,4.973756055,4.973756054601497,85.888066931,85.88806693086747,96.591893839,96.59189383931788,,,,,72,6,14
615,615#615@r0c0,615,200,19,0,0,,10073.2,10073.2,209.667356947,209.66735694714689,4.973421753,4.973421752769725,85.358944526,85.35894452606917,96.838976691,96.83897669062462,,,,,73,6,15
616,616#616@r0c0,616,160,22,0,0,moisture,10048.0,10048.0,170.737695064,170.73769506369425,3.984736664,3.984736664012739,80.120967357,80.1209673566879,94.955471736,94.95547173566878,11.577716361,11.577716361464969,,,74,6,16
701,701#701@r0c0,701,140,19,0,0,,10030.4,10030.4,149.530726591,149.53072659116287,3.710081353,3.710081352687829,76.131827245,76.13182724517468,93.263255703,93.26325570266391,,,,,75,7,1
702-2,702-2#702@r0c0,702,140,20,0,0,moisture,10026.8,10026.8,150.12879483,150.128794829856,3.822762197,3.8227621973112065,78.221761679,78.22176167870109,94.266005106,94.26600510631508,11.629198747,11.629198747357083,,,76,7,2
703,703#703@r0c0,703,160,19,0,0,moisture,10105.4,10105.4,170.550727334,170.5507273339007,3.916979635,3.916979634650781,78.944605854,78.94460585429572,94.446860095,94.4468600946029,11.550283017,11.550283017000812,,,77,7,3
704,704#704@r0c0,704,200,18,0,0,,10076.8,10076.8,209.58954033,209.5895403302636,4.9585156,4.9585156001905375,84.001311924,84.00131192442046,96.11209114,96.11209114004447,,,,,78,7,4
705,705#705@r0c0,705,150,3,0,0,,60.0,60.0,159.966666667,159.96666666666667,3.76,3.7600000000000002,81.666666667,81.66666666666667,95.433333333,95.43333333333334,,,,,79,7,5
710,710#710@r0c0,710,240,19,0,0,,9978.4,9978.4,248.912877816,248.91287781608273,4.959723803,4.959723803415377,83.279098854,83.27909885352362,94.937348673,94.93734867313397,,,,,80,7,10
711,711#711@r0c0,711,160,18,0,0,,10015.0,10015.0,170.87434648,170.8743464802796,3.854966151,3.854966150773839,78.944862706,78.94486270594109,94.337825262,94.33782526210685,,,,,81,7,11
712,712#712@r0c0,712,150,9,0,0,,5146.4,5146.4,180.929694544,180.92969454375876,3.984862428,3.9848624281050835,79.361693611,79.36169361106793,94.381913571,94.38191357065134,,,,,82,7,12
713,713#713@r0c0,713,120,19,0,0,so2,10130.0,10130.0,130.849735439,130.84973543928925,3.468420731,3.468420730503455,76.842041461,76.84204146100691,94.154708786,94.15470878578479,,,9.776185587,9.776185587364264,83,7,13
714,714#714@r0c0,714,140,16,0,0,moisture,10106.6,10106.6,150.069384363,150.06938436269368,3.79325609,3.7932560900797494,77.576838897,77.5768388973542,94.503805434,94.50380543407279,11.575540538,11.575540537866344,,,84,7,14
715,715#715@r0c0,715,200,19,0,0,,10079.4,10079.4,209.619624184,209.61962418397923,4.972576145,4.972576145405481,83.025959879,83.02595987856421,95.569988293,95.56998829295395,,,,,85,7,15
716,716#716@r0c0,716,140,18,0,0,moisture,9617.2,9617.199999999999,149.266487127,149.2664871272304,3.780693549,3.7806935490579385,77.69968182,77.69968182007239,94.039007195,94.0390071954415,11.725346463,11.725346462587863,,,86,7,16
716,716#716@r0c10,716,140,22,0,10,moisture,10004.44,10004.44,143.488856948,143.48885694751527,3.634354946,3.6343549464037967,74.692174674,74.69217467444454,90.399056819,90.39905681877245,11.271495656,11.271495655928767,,,86,7,16
717,717#717@r0c0,717,240,10,0,0,,5068.0,5068.0,250.955777427,250.9557774269929,4.905481847,4.9054818468824,89.757876875,89.7578768745067,97.219834254,97.21983425414365,,,,,87,7,17
718,718#718@r0c0,718,140,21,0,0,moisture,10134.0,10134.0,149.589561871,149.58956187092954,3.81297612,3.8129761199921055,79.50875074,79.50875074008289,95.041715019,95.04171501874876,11.431696467,11.431696467337675,,,88,7,18
719,719#719@r0c0,719,160,19,0,0,moisture,10152.8,10152.8,170.112676306,170.11267630604365,3.994061343,3.9940613426837923,79.016019226,79.0160192262233,94.460470018,94.46047001812309,11.423771767,11.423771767394218,,,89,7,19
720,720#720@r0c0,720,140,21,0,0,moisture,10118.8,10118.800000000001,151.292325177,151.29232517689843,3.786298178,3.7862981776495235,80.854569712,80.85456971182353,95.653324505,95.653324504882,11.670199233,11.670199233110644,,,90,7,20
721,721#721@r0c0,721,140,19,0,0,moisture,10108.8,10108.8,149.789053102,149.78905310224758,3.834765749,3.8347657486546374,78.381388493,78.38138849319405,94.636548354,94.63654835390946,11.63990622,11.639906220322887,,,91,7,21
722,722#722@r0c0,722,140,17,0,0,moisture,9963.8,9963.8,149.554457135,149.55445713482808,3.804094823,3.804094823260202,78.214323852,78.2143238523455,94.996756258,94.99675625765272,11.61258295,11.612582950280014,,,92,7,22
723,723#723@r0c0,723,140,17,0,0,moisture,10154.4,10154.4,150.902412747,150.9024127471835,3.811564051,3.811564051051761,79.023623257,79.02362325691325,94.800206807,94.80020680690144,11.664029386,11.664029386275901,,,93,7,23
724,724#724@r0c0,724,180,18,0,0,,10013.8,10013.8,195.686524596,195.68652459605744,4.895024067,4.895024066787833,81.762092313,81.7620923126086,95.17521021,95.17521020991033,,,,,94,7,24
725,725#725@r0c0,725,200,18,0,0,moisture,9983.8,9983.8,216.166377532,216.1663775316012,4.90290751,4.90290751016647,82.44504297,82.44504296961078,95.34109257,95.34109256996335,11.359842144,11.359842144273726,,,95,7,25
801,801#801@r0c0,801,240,4,0,0,,5037.0,5037.0,257.050454636,257.05045463569587,4.92855946,4.92855945999603,90.852920389,90.8529203891205,98.213706571,98.21370657137184,,,,,96,8,1
802,802#802@r0c0,802,200,18,0,0,,10068.0,10068.0,216.102647994,216.10264799364322,4.973927294,4.973927294398093,81.511762018,81.51176201827573,94.796475963,94.79647596344856,,,,,97,8,2
803,803#803@r0c0,803,220,20,0,0,,10109.4,10109.4,236.58337389,236.58337388964728,4.973978475,4.973978475478268,84.51129246,84.51129246048232,96.114861416,96.11486141610779,,,,,98,8,3
804,804#804@r0c0,804,140,19,0,0,,10082.0,10082.0,157.148948621,157.1489486213053,3.891471732,3.891471731799246,79.593957548,79.59395754810554,95.103907955,95.10390795477088,,,,,99,8,4
805,805#805@r0c0,805,180,9,0,0,,5141.0,5141.0,197.783789146,197.78378914608052,4.597982105,4.597982104648901,82.445625365,82.44562536471504,95.432915775,95.43291577514103,,,,,100,8,5
806,806#806@r0c0,806,240,37,0,0,,3260.62,3260.62,196.625528274,196.6255282737639,4.39757954,4.397579540087468,81.82617907,81.82617907023818,95.357829493,95.35782949255051,,,,,101,8,6
806,806#806@r0c9,806,240,16,0,9,,10079.02,10079.02,256.870131223,256.8701312231516,4.886572286,4.886572285769331,85.991506714,85.99150671386934,96.63148064,96.63148064012826,,,,,101,8,6
807,807#807@r0c0,807,220,20,0,0,,10077.8,10077.8,236.003776618,236.00377661791265,4.964511104,4.9645111036138845,83.899531644,83.89953164381114,95.928093433,95.92809343309057,,,,,102,8,7
808,808#808@r0c0,808,220,19,0,0,,10242.2,10242.2,236.009490149,236.00949014860086,4.973200289,4.97320028900041,84.583337564,84.58333756419518,96.217117416,96.2171174161801,,,,,103,8,8
809,809#809@r0c0,809,200,18,0,0,,10037.4,10037.4,216.583591368,216.58359136828264,4.969451252,4.969451252316337,81.781228207,81.78122820650766,95.052089186,95.05208918644271,,,,,104,8,9
811,811#811@r0c0,811,180,21,0,0,,11062.6,11062.6,208.484923978,208.48492397808832,4.918860123,4.9188601232983205,81.115291161,81.11529116120984,94.564201906,94.5642019055195,,,,,105,8,11
812,812#812@r0c0,812,240,6,0,0,,2081.6,2081.6,256.299942352,256.2999423520369,4.933911414,4.933911414296695,90.869869331,90.86986933128364,98.031735204,98.03173520368948,,,,,106,8,12
813,813#813@r0c0,813,240,14,0,0,,9991.2,9991.2,254.919088798,254.91908879814235,4.900325086,4.900325086075747,87.706323565,87.70632356473696,96.413958283,96.41395828328929,,,,,107,8,13
814,814#814@r0c0,814,240,17,0,0,,10292.0,10292.0,258.896492421,258.8964924212981,4.883895647,4.883895647104548,88.376647882,88.37664788184998,97.466068791,97.4660687912942,,,,,108,8,14
815,815#815@r0c0,815,240,18,0,0,,10015.7,10015.7,254.053517977,254.05351797677648,4.911373044,4.911373044320417,86.242365486,86.24236548618669,96.498755953,96.49875595315353,,,,,109,8,15
816,816#816@r0c0,816,140,19,0,0,moisture,10045.2,10045.2,151.75523235,151.755232349779,3.814937483,3.8149374825787437,78.433906742,78.43390674152829,94.354935691,94.35493569067813,11.62087385,11.620873850197109,,,110,8,16
817,817#817@r0c0,817,140,18,0,0,moisture,9963.4,9963.4,152.266244455,152.26624445470424,3.803326375,3.8033263745307826,77.842788606,77.84278860629905,94.138888331,94.13888833129253,11.787170444,11.787170443824397,,,111,8,17
818,818#818@r0c0,818,240,21,0,0,,10025.2,10025.2,260.361738419,260.36173841918367,4.881761162,4.881761161872082,88.582304592,88.58230459242708,97.489426645,97.48942664485496,,,,,112,8,18
819,819#819@r0c0,819,200,19,0,0,,10005.6,10005.6,216.840245463,216.840245462541,4.956137163,4.956137163188614,82.196382026,82.1963820260654,95.101667066,95.10166706644279,,,,,113,8,19
820,820#820@r0c0,820,200,21,0,0,,10085.4,10085.4,216.011140857,216.0111408570805,4.97458901,4.974589009855832,83.139443155,83.13944315545244,95.642108394,95.64210839431257,,,,,114,8,20
901,901#901@r0c0,901,240,21,0,0,,10222.8,10222.8,257.83874281,257.838742810189,4.998969363,4.998969362601245,86.585362132,86.58536213170561,96.727288023,96.72728802285089,,,,,115,9,1
902,902#902@r0c0,902,120,14,0,0,,7967.6,7967.599999999999,137.563198454,137.56319845373764,3.321142879,3.3211428786585673,76.845280888,76.84528088759475,93.689243938,93.6892439379487,,,,,116,9,2
903,903#903@r0c0,903,200,10,0,0,moisture,5020.0,5020.0,218.778458167,218.77845816733065,4.935404382,4.935404382470121,82.967665339,82.96766533864542,95.699410359,95.69941035856573,11.775917928,11.775917928286853,,,117,9,3
904,904#904@r0c0,904,180,21,0,0,,9665.6,9665.6,201.993837941,201.99383794073827,4.954297095,4.954297094851846,83.840922447,83.84092244661478,96.015583099,96.01558309882469,,,,,118,9,4
905,905#905@r0c0,905,200,9,0,0,,5677.4,5677.4,219.200789094,219.2007890935992,4.91172121,4.9117212104132175,80.216031986,80.21603198647269,93.5252052,93.52520519956319,,,,,119,9,5
906,906#906@r0c0,906,140,19,0,0,moisture,10014.6,10014.6,151.378083997,151.37808399736383,3.836560422,3.836560421784195,77.746927486,77.74692748587063,94.364234218,94.36423421804164,11.720777465,11.720777464901245,,,120,9,6
907,907#907@r0c0,907,140,26,0,0,moisture,10084.32,10084.32,151.936018294,151.93601829374714,3.823424227,3.8234242269186223,80.59096062,80.59096062005172,95.624043069,95.6240430688435,11.661052386,11.661052386278897,,,121,9,7
908,908#908@r0c0,908,140,20,0,0,moisture,9949.2,9949.2,150.89250191,150.89250190970128,3.808332931,3.808332931290958,80.280782374,80.28078237446226,95.334312307,95.3343123065171,11.504055602,11.504055602460499,,,122,9,8
909,909#909@r0c0,909,180,21,0,0,,10031.8,10031.8,206.750429634,206.75042963376464,4.917403856,4.917403855738751,84.803409159,84.80340915887479,96.542506828,96.54250682828605,,,,,123,9,9
910,910#910@r0c0,910,160,24,0,0,moisture,10096.2,10096.2,172.463449615,172.46344961470652,3.963152671,3.9631526713020735,80.961666766,80.96166676571383,95.156007211,95.1560072106337,11.488745865,11.488745864780807,,,124,9,10
911,911#911@r0c0,911,160,24,0,0,moisture,10106.4,10106.4,173.070616639,173.07061663896144,4.003366184,4.003366183804323,79.610696193,79.61069619251168,94.502281722,94.50228172247289,11.599993469,11.599993469484684,,,125,9,11
912,912#912@r0c0,912,140,22,0,0,moisture,10104.2,10104.2,151.290922587,151.29092258664713,3.809253974,3.8092539735951383,78.251101522,78.25110152213931,94.146780547,94.14678054670334,11.382647216,11.382647216009183,,,126,9,12
913,913#913@r0c0,913,200,21,0,0,,10010.8,10010.8,217.744198266,217.74419826587288,4.963310225,4.963310224957047,81.475900028,81.4759000279698,94.702233588,94.70223358772526,,,,,127,9,13
914,914#914@r0c0,914,140,21,0,0,moisture,9717.4,9717.4,155.744151728,155.74415172782844,3.793780641,3.7937806409121784,77.739527034,77.73952703398028,94.131269681,94.13126968119045,11.848069442,11.848069442443451,,,128,9,14
915,915#915@r0c0,915,140,13,0,0,moisture,10082.2,10082.2,155.405324235,155.40532423479002,3.786266688,3.7862666878260693,79.824681121,79.82468112118387,95.050254905,95.0502549046835,11.804188173,11.804188173216161,,,129,9,15
916,916#916@r0c0,916,140,12,0,0,moisture,10054.6,10054.6,156.911027788,156.911027788276,3.796617469,3.7966174686213274,78.609878066,78.60987806576094,94.382290693,94.38229069281722,11.711023611,11.711023611083483,,,130,9,16
917,917#917@r0c0,917,160,21,0,0,moisture,10023.4,10023.4,175.628978191,175.62897819103299,3.909154179,3.909154179220624,79.137853423,79.1378534229902,94.350745256,94.35074525610072,11.776210667,11.776210667039129,,,131,9,17
918,918#918@r0c0,918,240,21,0,0,,10364.2,10364.2,255.870517744,255.87051774377179,4.946012813,4.946012813338221,85.607249957,85.6072499565813,96.080718242,96.08071824163949,,,,,132,9,18
101,101#20250919（禹王）@r0c0,20250919（禹王）,140,20,0,0,moisture,9735.0,9735.0,150.058463277,150.05846327683614,3.775309502,3.7753095017976372,77.811188495,77.8111884951207,93.470578326,93.47057832562918,11.473968772,11.473968772470469,,,133,10,1
102,102#20250920（禹王）@r0c0,20250920（禹王）,140,21,0,0,moisture,10108.6,10108.6,154.102269355,154.1022693548068,3.828153058,3.8281530577923744,77.982616782,77.98261678175018,93.613835744,93.61383574382208,11.544236393,11.544236392774469,,,134,10,2
103,103#20250921（禹王）@r0c0,20250921（禹王）,160,18,0,0,moisture,10046.8,10046.8,173.358796831,173.35879683083172,4.008448859,4.008448859338297,78.613582434,78.61358243420791,93.902247482,93.90224748178527,11.506638134,11.506638133535057,,,135,10,3
104,104#104@r0c0,104,200,21,0,0,,10098.0,10098.0,218.508976035,218.5089760348584,4.897890275,4.89789027530204,80.285836799,80.28583679936621,93.993495742,93.99349574173104,,,,,136,10,4
1005,1005#1005@r0c0,1005,200,21,0,0,moisture,10039.6,10039.6,218.945139249,218.94513924857566,4.907562652,4.907562651898482,80.796711024,80.7967110243436,93.572592534,93.57259253356708,11.669092195,11.669092194908163,,,137,10,5
1006,1006#1006@r0c0,1006,220,10,0,0,moisture,5177.4,5177.4,238.618387608,238.61838760767955,4.97039093,4.97039092981033,81.961142658,81.96114265847723,93.939398154,93.93939815351335,12.633953722,12.633953721945378,,,138,10,6
JK101,JK101#2510001@r0c0,2510001,240,31,0,0,so2,14624.0,14624.0,274.615868435,274.6158684354486,4.940299371,4.940299370897155,85.983777352,85.9837773522976,96.084545952,96.08454595185995,,,6.620371034,7.4154722374179425,139,10,1
JK102,JK102#2510002@r0c0,2510002,240,22,0,0,so2,10069.2,10069.2,270.778306122,270.77830612163825,4.896256704,4.896256703611011,87.517514798,87.5175147976006,96.634006674,96.63400667381718,,,7.293240774,7.293240773844992,140,10,2
JK103,JK103#2510003@r0c0,2510003,240,20,0,0,moisture,9846.2,9846.2,270.909973391,270.9099733907497,4.897018545,4.897018545225569,86.180583372,86.18058337226543,96.278676037,96.27867603745607,11.669337816,11.669337815603988,,,141,10,3
1007,1007#1007@r0c0,1007,180,4,0,0,,201.0,201.0,194.333333333,194.33333333333334,4.159004975,4.159004975124378,78.352238806,78.35223880597015,93.554228856,93.5542288557214,,,,,142,10,7
1008,1008#1008@r0c0,1008,180,19,0,0,,10116.2,10116.2,209.64554477,209.64554476977517,4.917045136,4.917045135525196,80.772367094,80.77236709436349,93.927029912,93.9270299124177,,,,,143,10,8
1009,1009#1009@r0c0,1009,180,21,0,0,,10023.4,10023.4,209.080573458,209.08057345810803,4.903137059,4.903137059281282,79.294698406,79.29469840573059,92.589797873,92.58979787297723,,,,,144,10,9
1010,1010#1010@r0c0,1010,240,22,0,0,so2,10069.2,10069.2,270.778306122,270.77830612163825,4.896256704,4.896256703611011,87.517514798,87.5175147976006,96.634006674,96.63400667381718,,,7.293240774,7.293240773844992,145,10,10
1011,1011#1011@r0c0,1011,100,13,0,0,,5078.2,5078.2,114.964420464,114.96442046394394,2.863305108,2.8633051081091727,69.292839983,69.29283998267103,88.059087866,88.05908786577922,,,,,146,10,11
1012,1012#1012@r0c0,1012,220,21,0,0,,10101.2,10101.2,236.272273433,236.27227343285946,4.919106047,4.919106046806319,81.305508256,81.30550825644477,93.775169287,93.7751692868174,,,,,147,10,12
1013,1013#1013@r0c0,1013,180,23,0,0,,10078.4,10078.4,210.034289173,210.0342891728846,4.899242538,4.899242538498174,79.09886093,79.0988609303064,92.914716622,92.914716621686,,,,,148,10,13
1014,1014#1014@r0c0,1014,200,21,0,0,,10134.0,10134.0,231.423824748,231.42382474837183,4.888027827,4.888027827116637,83.19074403,83.19074402999803,94.432050523,94.43205052299191,,,,,149,10,14
1015,1015#1015@r0c0,1015,200,22,0,0,,10072.2,10072.2,230.468775441,230.4687754413137,4.940697166,4.940697166458172,82.340447966,82.34044796568773,94.777818153,94.7778181529358,,,,,150,10,15
1101,1101#1101@r0c0,1101,200,18,0,0,,10035.6,10035.6,222.663531827,222.66353182669695,4.8804213,4.880421300171389,83.638588624,83.63858862449679,94.884961537,94.88496153692853,,,,,151,11,1
1102,1102#1102@r0c0,1102,160,18,0,0,,2296.2,2296.2,205.610125425,205.61012542461458,4.292407891,4.292407891298668,81.229422524,81.22942252417037,94.660356241,94.66035624074559,,,,,152,11,2
1102,1102#1102@r0c8,1102,160,16,0,8,,10017.2,10017.199999999999,177.740978517,177.7409785170392,3.879274947,3.8792749470225414,79.728431099,79.72843109847152,93.811485245,93.81148524543627,,,,,152,11,2
1103,1103#1103@r0c0,1103,240,23,0,0,,10093.4,10093.4,264.834436364,264.8344363643569,4.919286861,4.9192868607208675,82.708871144,82.70887114351953,93.99256742,93.99256742029445,,,,,153,11,3
1106,1106#1106@r0c0,1106,220,13,0,0,,6088.8,6088.8,240.93840494,240.9384049402181,4.959966167,4.959966167389305,82.164814085,82.16481408487715,93.497966759,93.49796675863881,,,,,154,11,6
1107,1107#1107@r0c0,1107,250,11,0,0,,3621.8,3621.8,262.712170744,262.712170743829,5.066947926,5.0669479264454145,88.215467447,88.21546744712575,96.200248495,96.20024849522336,,,,,155,11,7
1108,1108#1108@r0c0,1108,250,8,0,0,,3722.6,3722.6,263.450754849,263.4507548487616,5.075257078,5.075257078386074,83.263095686,83.263095685811,93.965690646,93.96569064632246,,,,,156,11,8
1109,1109#1109@r0c0,1109,250,14,0,0,,7237.8,7237.8,262.34583437,262.3458343695598,5.074854237,5.074854237475476,87.385186106,87.38518610627538,96.509074581,96.50907458067368,,,,,157,11,9
1110,1110#1109@r0c0,1109,250,13,0,0,,6060.6,6060.6,262.906715507,262.9067155067155,5.055907996,5.0559079959079956,86.747737848,86.74773784773784,96.85023925,96.85023925023924,,,,,158,11,10
1111-1112,1111-1112#1111@r0c0,1111,160,22,0,0,moisture,10012.2,10012.2,175.850818002,175.8508180020375,4.01383612,4.013836119933681,79.686354647,79.68635464733025,93.63030303,93.63030303030303,11.540436867,11.540436867022231,,,159,11,11
1111-1112,1111-1112#1112@r0c9,1112,140,22,0,9,moisture,10326.4,10326.4,156.91566083,156.91566083049273,3.788037457,3.788037457390766,78.425395104,78.4253951038116,93.59103463,93.59103462968703,11.972318136,11.972318136039666,,,159,11,11
1113,1113#1113@r0c0,1113,200,4,0,0,,2021.2,2021.2,227.008984762,227.0089847615278,4.641331882,4.641331882050267,83.783277261,83.78327726103305,93.762715219,93.76271521868198,,,,,160,11,13
1115-1114,1115-1114#1115@r0c0,1115,220,12,0,0,,10242.0,10242.0,237.671034954,237.67103495411055,4.889997461,4.889997461433314,84.341017379,84.34101737941808,95.373294278,95.37329427846124,,,,,161,11,15
1115-1114,1115-1114#1114@r0c9,1114,220,12,0,9,,10125.6,10125.6,238.851155487,238.85115548708225,4.914137829,4.9141378288694,83.979631824,83.97963182428695,95.108220747,95.1082207474125,,,,,161,11,15
1116,1116#1116@r0c0,1116,140,18,0,0,moisture,9813.2,9813.2,156.902168508,156.90216850772427,3.782900991,3.782900990502588,77.755965434,77.75596543431296,92.252547589,92.25254758896179,11.734843069,11.734843068519952,,,162,11,16
1117,1117#1117@r0c0,1117,140,18,0,0,moisture,10037.6,10037.6,157.55546545,157.55546544990833,3.835786841,3.8357868414760494,79.328961106,79.32896110624053,92.573611222,92.573611221806,11.6888031,11.68880310034271,,,163,11,17
1118,1118#1118@r0c0,1118,200,23,0,0,,10123.2,10123.2,219.176746483,219.17674648332542,4.890957405,4.890957404773194,81.555984274,81.55598427374743,93.767000553,93.76700055318476,,,,,164,11,18
1119,1119#1119@r0c0,1119,240,21,0,0,,10065.4,10065.4,266.407882449,266.40788244878496,4.913476265,4.913476265225426,89.67294494,89.6729449400918,97.366626264,97.36662626423193,,,,,165,11,19
1120-21,1120-21#1120@r0c0,1120,200,19,0,0,moisture,10134.0,10134.0,228.830422341,228.8304223406355,4.968751924,4.968751924215512,83.535818038,83.53581803828695,95.789613183,95.78961318334319,11.226434971,11.226434971383462,,,166,11,20
1120-21,1120-21#1121@r0c9,1121,200,15,0,9,moisture,10129.6,10129.6,228.570508214,228.57050821355233,4.9662423,4.9662422997946605,85.786441715,85.78644171536882,96.552849076,96.55284907597536,11.479383194,11.479383193808244,,,166,11,20
1122,1122#1122@r0c0,1122,240,23,0,0,,10133.4,10133.4,256.762373932,256.76237393175046,4.873866422,4.873866421931435,89.081917224,89.08191722422879,97.304505891,97.30450589140861,,,,,167,11,22
1123,1123#1123@r0c0,1123,240,21,0,0,,10101.6,10101.6,257.139581848,257.13958184842005,4.874405639,4.8744056387107,89.461823869,89.46182386948603,97.43151382,97.43151381959292,,,,,168,11,23
1124,1124#1124@r0c0,1124,160,20,0,0,moisture,10102.2,10102.2,178.304068421,178.30406842074,3.973020926,3.973020926134901,79.255247372,79.25524737185958,92.935041872,92.93504187206746,11.816933539,11.816933539229078,,,169,11,24
1125,1125#1125@r0c0,1125,160,21,0,0,moisture,9621.24,9621.24,178.974327218,178.97432721769752,3.9273482,3.9273482004398605,78.850766637,78.85076663714865,92.263195596,92.26319559640962,11.819940798,11.819940797651862,,,170,11,25
1105,1105#05@r0c0,05,160,18,0,0,moisture,10105.0,10105.0,185.678875804,185.6788758040574,3.848000198,3.848000197921821,79.758943097,79.75894309747649,92.546592776,92.54659277585354,11.823779911,11.823779910935182,,,171,11,5
1128,1128#1128@r0c0,1128,240,16,0,0,,10073.0,10073.0,262.028349052,262.028349051921,4.870884741,4.870884741387869,88.470316688,88.47031668817631,97.475729177,97.47572917700785,,,,,172,11,28
1129,1129#1129@r0c0,1129,140,12,0,0,,5127.2,5127.2,162.60974411,162.60974410984554,3.688220471,3.6882204712123574,80.116188173,80.11618817288188,94.487037759,94.48703775940085,,,,,173,11,29
JK1201,JK1201#12001@r0c0,12001,,15,0,0,,10093.8,10093.8,268.301159127,268.3011591273852,4.87102023,4.871020230240346,87.444375755,87.44437575541423,96.855027839,96.8550278388714,,,,,174,12,1
JK1201,JK1201#12002@r0c9,12002,,14,0,9,,10047.8,10047.8,267.295788133,267.2957881327256,4.866122335,4.866122335237565,85.918075599,85.91807559863851,96.149967157,96.1499671569896,,,,,174,12,1
JK1201,JK1201#12003@r34c0,12003,,7,34,0,,5030.0,5030.0,268.426361829,268.42636182902584,4.877422664,4.877422664015905,88.991829026,88.99182902584494,97.518576541,97.51857654075546,,,,,174,12,1
1202,1202#1202@r0c0,1202,,13,0,0,,10029.0,10029.0,210.297347692,210.29734769169409,4.883699272,4.883699272110879,84.450373916,84.45037391564463,96.020490577,96.02049057732576,,,,,175,12,2
1203,1203#1203@r0c0,1203,,14,0,0,,10169.6,10169.6,210.942328115,210.94232811516676,4.887886643,4.88788664254248,81.706275566,81.70627556639396,94.44842275,94.44842275015733,,,,,176,12,3
1204,1204#1204@r0c0,1204,160,5,0,0,moisture,4151.0,4151.0,176.807655987,176.80765598650927,3.94751867,3.947518670199952,83.024177307,83.02417730667308,95.216049145,95.21604914478439,11.620528547,11.62052854733799,,,177,12,4
1205-8,1205-8#1208@r0c0,1208,,11,0,0,,10130.2,10130.2,165.307802413,165.3078024125881,3.862173501,3.8621735010167617,80.020368798,80.02036879824682,93.945112634,93.94511263351167,,,,,178,12,5
1205-8,1205-8#1205@r0c9,1205,,3,0,9,,1060.2,1060.2,190.057819279,190.05781927938122,3.993023958,3.993023957743822,84.973005093,84.9730050933786,95.780041502,95.78004150160346,,,,,178,12,5
1205-8,1205-8#1206@r0c18,1206,,3,0,18,,1079.8,1079.8,164.487016114,164.4870161140952,3.715141693,3.715141692906094,82.859992591,82.8599925912206,94.852620856,94.85262085571402,,,,,178,12,5
1209粉,1209粉#1209粉@r0c0,1209粉,240,4,0,0,,1399.2,1399.2,259.870826186,259.8708261863922,4.894978559,4.894978559176672,86.649885649,86.64988564894225,95.887650086,95.88765008576328,,,,,179,12,9
Sheet15,Sheet15#None@r0c0,,,17,0,0,,9996.0,9996.0,163.746238495,163.74623849539816,3.680765906,3.680765906362545,83.13220088,83.13220088035214,95.17879952,95.17879951980792,,,,,180,,
1211,1211#1211@r0c0,1211,120,10,0,0,,5181.0,5181.0,140.012071029,140.01207102875892,3.416843467,3.4168434665122565,80.910337773,80.91033777263075,95.460266358,95.46026635784598,,,,,181,12,11
1212,1212#1212@r0c0,1212,220,28,0,0,,10091.4,10091.4,242.48271994,242.4827199397507,4.870621123,4.870621122936361,87.355219296,87.35521929563787,96.522855104,96.52285510434628,,,,,182,12,12
1213,1213#1213@r0c0,1213,220,3,0,0,,10173.0,10173.0,241.936254792,241.93625479209672,4.860039123,4.860039123169173,80.616471051,80.61647105082079,93.717410793,93.71741079327631,,,,,183,12,13
1214,1214#1214@r0c0,1214,160,25,0,0,moisture,10002.0,10002.0,182.368106071,182.36810607089242,3.886057115,3.886057114904919,81.226364801,81.22636480079674,94.428898186,94.42889818605939,11.714639972,11.714639972005598,,,184,12,14
1215,1215#1215@r0c0,1215,200,23,0,0,,10035.2,10035.2,226.875392618,226.87539261798466,4.871653181,4.8716531808035715,81.359099968,81.35909996811223,93.554725367,93.55472536670918,,,,,185,12,15
1216,1216#1216@r0c0,1216,240,10,0,0,,10012.4,10012.4,257.989576925,257.98957692461346,4.850310215,4.850310215332987,88.057716432,88.05771643162478,97.29587911,97.29587910990372,,,,,186,12,16
1217,1217#1217@r0c0,1217,160,21,0,0,moisture,10630.8,10630.8,178.64387064,178.6438706400271,3.882145464,3.882145464123114,84.37404899,84.37404898972797,94.982095421,94.98209542085263,11.822151672,11.822151672498777,,,187,12,17
1218,1218#1218@r0c0,1218,140,24,0,0,moisture,10098.4,10098.4,160.541341203,160.54134120256674,3.709229581,3.7092295809237106,79.144096094,79.14409609443081,93.416151073,93.41615107343738,11.699321675,11.69932167472075,,,188,12,18
1219,1219#1219@r0c0,1219,140,20,0,0,moisture,9349.4,9349.4,161.636045094,161.63604509380284,3.716086808,3.7160868077095857,81.127764349,81.12776434851435,94.301428969,94.30142896870387,11.893859071,11.893859071170343,,,189,12,19
1220,1220#1220@r0c0,1220,240,22,0,0,,10247.2,10247.2,263.512727379,263.5127273791865,4.907874932,4.907874931688656,88.661000078,88.6610000780701,97.096254587,97.09625458661877,,,,,190,12,20
1221,1221#1221@r0c0,1221,240,22,0,0,,10040.8,10040.8,256.970484424,256.97048442355197,4.881822166,4.881822165564498,87.122002231,87.12200223089793,96.485706318,96.48570631822166,,,,,191,12,21
1222粉,1222粉#1222粉@r0c0,1222粉,240,6,0,0,,2489.2,2489.2000000000003,256.100851679,256.10085167925433,4.854676201,4.854676201189137,89.776554716,89.77655471637473,97.359255986,97.3592559858589,,,,,192,12,22
1223-24,1223-24#1223@r0c0,1223,200,8,0,0,moisture,5186.4,5186.4,219.326314978,219.3263149776338,4.868616381,4.8686163813049514,86.429531081,86.42953108128953,96.546760759,96.54676075890792,12.469362178,12.469362178004012,,,193,12,23
1223-24,1223-24#1224@r0c8,1224,220,3,0,8,,1117.8,1117.8000000000002,249.458847737,249.4588477366255,4.134582215,4.134582215065307,88.487690106,88.4876901055645,97.707246377,97.70724637681158,,,,,193,12,23
1225,1225#1225@r0c0,1225,,3,0,0,,10050.0,10050.0,211.765671642,211.76567164179104,4.844079602,4.84407960199005,80.416915423,80.41691542288557,94.307462687,94.30746268656716,,,,,194,12,25
1228,1228#1228@r0c0,1228,,5,0,0,,10024.8,10024.8,228.7734678,228.77346779985635,4.827977416,4.8279774160082995,84.204429016,84.20442901604024,95.013364855,95.01336485515921,,,,,195,12,28
