timestamp,feed_flow,feed_temp,feed_tds,feed_ph,evap_temp,evap_pressure,compressor_freq,compressor_power,pump_power,condensate_flow,concentrate_flow,total_power,cip_flag,alarm_flag
2025-01-01 00:00:00,12.27,32.88,80057.05,7.1,80.96,-71.72,41.96,291.66,71.53,10.56,1.82,363.19,1,0
2025-01-01 01:00:00,11.51,35.44,63825.64,7.07,79.79,-72.87,38.42,261.76,63.48,10.47,1.0,325.24,0,0
2025-01-01 02:00:00,13.54,32.38,80435.33,7.33,80.41,-71.28,44.89,402.77,75.0,11.73,1.77,477.76,0,0
2025-01-01 03:00:00,14.09,34.2,77401.27,6.91,82.19,-70.93,43.2,345.77,89.53,11.73,2.38,435.3,0,0
2025-01-01 04:00:00,11.8,35.58,83603.08,7.13,83.12,-70.76,44.52,309.83,82.81,9.75,2.18,392.63,0,0
2025-01-01 05:00:00,12.64,38.9,80666.23,7.14,81.08,-72.08,41.99,375.15,64.94,10.96,1.74,440.1,0,0
2025-01-01 06:00:00,14.09,37.67,88133.05,7.11,83.55,-71.16,44.09,419.34,71.65,11.72,2.27,490.99,0,0
2025-01-01 07:00:00,13.78,38.17,74128.31,7.1,84.0,-69.93,44.08,325.9,69.77,11.41,2.35,395.67,0,0
2025-01-01 08:00:00,14.06,35.54,82560.54,7.24,83.45,-69.64,45.59,486.69,84.33,12.29,2.06,571.02,0,0
2025-01-01 09:00:00,13.24,34.98,80120.69,7.26,84.78,-70.07,44.49,382.48,72.25,11.68,1.6,454.73,0,0
2025-01-01 10:00:00,14.67,36.09,74467.36,7.01,82.8,-69.4,44.27,394.77,80.53,12.58,2.22,475.3,0,0
2025-01-01 11:00:00,14.41,34.71,93640.2,7.49,82.77,-70.09,46.02,399.49,91.4,12.49,2.0,490.88,0,0
2025-01-01 12:00:00,13.58,34.31,85713.38,7.06,83.1,-69.46,45.12,401.5,76.08,11.78,1.84,477.58,0,0
2025-01-01 13:00:00,14.34,32.44,84443.41,7.26,79.91,-71.28,45.14,379.44,82.83,12.56,1.79,462.27,0,0
2025-01-01 14:00:00,13.57,32.08,91567.65,7.26,78.63,-72.27,44.63,416.28,78.92,11.81,1.89,495.21,0,0
2025-01-01 15:00:00,12.24,31.16,98393.91,7.43,79.01,-71.21,42.58,288.08,66.78,9.56,2.79,354.86,0,0
2025-01-01 16:00:00,13.26,31.31,82060.54,6.81,76.26,-73.77,44.9,383.04,81.35,11.31,2.0,464.39,0,0
2025-01-01 17:00:00,12.06,31.0,81733.71,7.57,76.64,-72.31,42.69,311.28,64.69,10.55,1.4,375.96,0,0
2025-01-01 18:00:00,13.77,27.99,91764.43,7.18,76.0,-73.93,44.4,366.84,84.34,11.65,2.18,451.18,0,0
2025-01-01 19:00:00,13.08,27.42,99622.87,7.65,77.51,-71.6,47.26,454.99,72.5,11.07,2.0,527.49,0,0
2025-01-01 20:00:00,13.17,31.76,95692.5,7.23,76.58,-73.24,43.24,491.25,70.82,11.42,1.71,562.07,0,0
2025-01-01 21:00:00,13.01,32.66,104546.44,7.33,77.37,-71.89,47.8,387.82,69.68,11.03,2.38,457.5,0,0
2025-01-01 22:00:00,15.07,30.87,99196.8,7.81,79.14,-73.44,46.84,490.53,76.54,13.37,1.47,567.07,0,0
2025-01-01 23:00:00,14.2,30.87,98903.87,7.25,79.37,-72.9,46.93,457.25,76.83,12.4,1.94,534.08,0,0
2025-01-02 00:00:00,14.35,34.29,93262.7,7.61,78.13,-72.71,45.17,398.81,64.06,12.21,2.01,462.87,0,0
2025-01-02 01:00:00,14.81,36.36,96754.68,7.3,79.67,-71.35,44.43,398.76,78.24,12.48,2.35,477.0,0,0
2025-01-02 02:00:00,15.97,38.4,101033.95,7.37,80.98,-70.25,48.41,527.32,83.07,12.27,4.09,610.39,0,0
2025-01-02 03:00:00,16.14,37.72,97571.36,7.26,81.89,-71.63,48.5,486.34,91.47,13.54,2.46,577.82,0,0
2025-01-02 04:00:00,16.44,37.32,98719.39,7.44,83.91,-69.38,49.12,581.79,90.7,13.4,2.93,672.49,0,0
2025-01-02 05:00:00,16.64,37.12,118275.95,7.03,84.65,-70.73,49.82,593.75,85.09,13.97,2.66,678.84,0,0
2025-01-02 06:00:00,18.28,38.37,106252.0,6.93,85.33,-69.33,47.44,588.27,90.05,15.48,2.67,678.32,0,0
2025-01-02 07:00:00,16.0,37.88,103842.0,6.99,84.79,-71.37,45.93,516.57,83.04,13.82,2.31,599.61,0,0
2025-01-02 08:00:00,15.84,36.64,105203.38,7.14,84.83,-69.77,51.46,534.56,96.97,13.85,1.91,631.53,0,0
2025-01-02 09:00:00,15.42,39.7,100928.54,7.04,83.63,-72.52,46.5,505.11,78.04,12.95,2.57,583.15,0,0
2025-01-02 10:00:00,16.5,38.58,92968.98,7.24,82.23,-71.96,50.1,520.55,84.78,14.94,1.36,605.33,0,0
2025-01-02 11:00:00,16.71,36.85,116206.14,7.36,83.08,-69.93,48.69,546.59,81.91,14.06,2.38,628.5,0,0
2025-01-02 12:00:00,15.31,33.36,106369.2,6.76,81.67,-71.98,47.65,469.88,74.55,12.39,2.88,544.43,0,0
2025-01-02 13:00:00,14.37,34.46,105472.36,6.79,80.14,-70.7,48.1,483.48,82.62,11.87,2.26,566.1,0,0
2025-01-02 14:00:00,14.12,33.25,111104.85,6.58,80.45,-70.0,46.19,489.42,79.82,11.7,2.65,569.23,0,0
2025-01-02 15:00:00,15.21,32.19,121143.29,7.42,76.06,-72.63,51.21,602.35,93.56,12.9,2.08,695.91,0,0
2025-01-02 16:00:00,15.12,32.53,110784.59,6.96,77.44,-72.19,48.98,515.7,90.08,12.2,2.77,605.78,0,0
2025-01-02 17:00:00,14.83,31.4,112097.55,6.97,77.12,-71.88,49.04,495.88,97.31,12.25,2.64,593.19,0,0
2025-01-02 18:00:00,13.7,31.39,108635.59,6.49,78.5,-71.74,46.81,454.64,77.25,11.38,2.23,531.89,0,0
2025-01-02 19:00:00,14.55,31.4,115989.88,6.8,79.3,-70.52,49.51,516.19,80.83,11.9,2.42,597.02,0,0
2025-01-02 20:00:00,14.56,31.44,117044.28,6.9,76.36,-71.32,50.88,481.68,75.69,12.36,2.5,557.37,0,0
2025-01-02 21:00:00,14.83,29.52,105888.45,6.69,79.72,-70.68,47.66,519.41,86.08,12.66,2.02,605.5,0,0
2025-01-02 22:00:00,15.65,32.58,100687.8,7.0,77.44,-69.66,50.82,535.26,87.64,13.58,2.04,622.91,0,0
2025-01-02 23:00:00,15.33,32.77,108887.18,7.29,78.57,-71.45,47.75,494.68,87.49,12.68,2.62,582.17,0,0
2025-01-03 00:00:00,16.02,32.93,118030.03,6.46,80.76,-68.71,51.17,615.68,81.59,13.74,2.39,697.27,0,0
2025-01-03 01:00:00,15.75,37.5,111761.04,6.43,81.38,-70.81,50.09,533.41,88.81,12.56,3.27,622.22,0,0
2025-01-03 02:00:00,16.2,38.51,116927.57,6.45,81.02,-70.07,48.55,548.96,88.2,12.89,3.19,637.16,0,0
2025-01-03 03:00:00,16.72,38.88,114954.71,7.06,84.11,-68.22,50.46,600.08,90.92,13.43,3.24,691.01,0,0
2025-01-03 04:00:00,14.99,38.17,113090.81,6.92,84.64,-68.06,48.87,500.35,79.21,12.44,2.51,579.56,0,0
2025-01-03 05:00:00,16.08,39.86,108764.11,6.62,85.27,-69.44,48.28,580.77,93.5,13.88,2.31,674.27,0,0
2025-01-03 06:00:00,15.93,38.37,115023.15,6.66,83.95,-69.31,49.91,549.24,99.43,13.04,2.71,648.67,0,0
2025-01-03 07:00:00,15.68,38.43,109064.51,6.45,84.08,-69.31,49.57,538.67,79.4,12.83,3.15,618.07,0,0
2025-01-03 08:00:00,15.82,36.45,111796.4,6.88,83.82,-70.34,49.74,515.7,90.97,13.0,2.71,606.67,0,0
2025-01-03 09:00:00,17.16,37.57,114674.74,6.57,85.24,-68.75,51.56,749.26,75.1,14.33,2.83,824.36,0,0
2025-01-03 10:00:00,14.71,36.31,102497.66,6.61,79.17,-70.25,47.76,508.27,85.63,12.11,2.43,593.89,0,0
2025-01-03 11:00:00,16.0,33.68,119451.36,6.83,80.91,-70.9,49.76,662.94,76.01,13.0,2.8,738.95,0,0
2025-01-03 12:00:00,13.22,34.11,111473.41,6.65,80.82,-71.04,47.28,427.12,73.35,10.55,2.54,500.46,0,0
2025-01-03 13:00:00,14.04,33.01,115052.68,6.65,78.82,-71.53,47.53,529.9,71.42,11.39,2.5,601.32,0,0
2025-01-03 14:00:00,14.11,34.26,104009.16,6.73,78.55,-73.65,51.44,552.96,81.23,12.15,1.9,634.2,0,0
2025-01-03 15:00:00,14.15,32.31,103349.21,6.95,77.95,-72.24,45.52,461.55,83.29,11.84,2.17,544.84,0,0
2025-01-03 16:00:00,13.98,30.57,112755.68,7.19,77.1,-73.71,47.39,503.79,67.86,11.3,2.78,571.65,0,0
2025-01-03 17:00:00,13.84,30.41,114542.37,6.95,77.6,-73.28,47.09,502.31,76.17,11.92,1.8,578.48,0,0
2025-01-03 18:00:00,12.67,29.99,115277.15,7.03,78.12,-70.23,50.4,462.84,73.99,10.22,2.31,536.83,0,0
2025-01-03 19:00:00,12.5,29.78,111751.36,6.8,77.18,-72.83,44.9,408.43,82.05,10.8,1.65,490.48,0,0
2025-01-03 20:00:00,13.7,29.08,101702.22,6.7,76.98,-73.2,47.91,501.79,81.09,11.87,1.98,582.88,0,0
2025-01-03 21:00:00,12.84,30.79,101463.92,7.07,77.85,-71.2,46.55,449.73,67.7,10.74,2.13,517.42,0,0
2025-01-03 22:00:00,12.0,30.85,99909.24,6.98,78.7,-72.56,46.04,351.08,68.89,9.55,2.44,419.98,0,0
2025-01-03 23:00:00,12.3,31.17,104234.68,6.61,77.77,-72.21,48.0,420.33,83.42,10.91,1.18,503.74,0,0
2025-01-04 00:00:00,12.69,34.26,101024.2,6.92,81.0,-69.38,48.18,407.37,79.74,10.66,1.86,487.11,0,0
2025-01-04 01:00:00,14.16,35.1,105018.91,7.01,81.03,-70.21,47.6,422.41,74.22,11.58,2.38,496.63,0,0
2025-01-04 02:00:00,14.01,33.4,100926.06,6.93,83.63,-70.5,48.34,515.47,78.18,11.9,2.31,593.65,0,0
2025-01-04 03:00:00,14.63,36.18,117137.13,7.46,84.11,-68.25,47.05,475.12,79.41,12.22,2.48,554.53,0,0
2025-01-04 04:00:00,13.69,38.1,94930.89,7.24,84.62,-68.9,47.42,460.14,74.86,11.8,1.76,535.0,0,0
2025-01-04 05:00:00,14.21,38.52,105941.9,7.49,82.91,-67.51,47.59,467.64,69.62,11.44,2.68,537.26,0,0
2025-01-04 06:00:00,14.54,38.56,95407.65,7.24,83.41,-69.32,47.79,512.95,77.03,12.18,2.24,589.97,0,0
2025-01-04 07:00:00,13.53,37.19,98461.54,7.22,82.43,-68.14,44.89,414.88,84.18,10.82,2.58,499.06,0,0
2025-01-04 08:00:00,13.97,35.67,102097.23,6.99,82.78,-67.18,48.76,476.67,77.7,11.75,2.3,554.37,0,0
2025-01-04 09:00:00,12.64,34.7,93003.91,7.25,84.1,-69.11,44.01,396.36,71.83,10.47,2.13,468.19,0,0
2025-01-04 10:00:00,12.53,35.53,109240.69,7.27,84.13,-68.44,47.6,460.31,75.37,10.37,2.48,535.68,0,0
2025-01-04 11:00:00,12.1,34.55,87650.08,6.94,79.72,-69.85,43.23,312.39,83.54,10.09,2.19,395.93,0,0
2025-01-04 12:00:00,10.92,34.54,92341.16,7.17,79.72,-70.93,43.22,362.6,66.52,9.03,2.09,429.12,0,0
2025-01-04 13:00:00,12.0,33.23,92950.99,7.24,79.25,-70.09,47.21,326.18,79.09,9.71,2.39,405.26,0,0
2025-01-04 14:00:00,10.72,30.73,91407.52,7.43,79.09,-70.59,45.43,373.42,63.61,9.09,1.56,437.03,0,0
2025-01-04 15:00:00,10.77,28.51,85241.73,7.45,75.6,-72.07,45.66,357.6,65.96,9.38,1.48,423.56,0,0
2025-01-04 16:00:00,10.87,28.93,90279.16,7.2,75.37,-71.86,47.0,356.1,68.85,8.85,1.97,424.95,0,0
2025-01-04 17:00:00,10.59,29.12,92056.19,7.47,77.37,-71.25,43.69,319.18,61.04,8.89,1.94,380.21,0,0
2025-01-04 18:00:00,10.62,28.42,88663.23,7.3,74.47,-72.36,46.65,348.6,66.5,8.9,1.78,415.09,0,0
2025-01-04 19:00:00,9.85,28.05,91481.47,6.63,76.33,-72.52,42.04,298.22,67.69,8.13,1.75,365.91,0,0
2025-01-04 20:00:00,9.55,29.4,82927.63,7.22,77.08,-72.65,43.72,273.57,57.56,7.62,1.95,331.13,0,0
2025-01-04 21:00:00,9.92,29.07,80184.05,7.61,77.83,-71.98,42.53,314.01,62.87,7.95,2.24,376.88,0,0
2025-01-04 22:00:00,8.6,29.7,81071.97,6.91,77.97,-72.09,40.56,231.74,61.95,7.02,1.37,293.69,0,0
2025-01-04 23:00:00,8.99,31.74,84771.62,7.35,78.68,-72.38,43.11,221.27,55.26,7.03,2.23,276.53,0,0
2025-01-05 00:00:00,9.29,31.87,79074.2,7.7,80.75,-70.94,43.79,297.37,68.16,8.08,1.18,365.52,0,1
2025-01-05 01:00:00,9.78,33.63,70471.54,7.1,80.77,-72.8,43.99,267.1,63.7,8.25,1.31,330.8,0,0
2025-01-05 02:00:00,11.21,34.58,77089.69,7.27,80.79,-71.89,44.6,324.61,67.24,9.33,1.76,391.85,0,0
2025-01-05 03:00:00,10.17,33.66,69668.99,6.92,82.04,-70.93,43.42,259.49,52.13,7.91,2.01,311.62,0,0
2025-01-05 04:00:00,10.73,35.04,78130.73,7.63,83.24,-71.14,44.67,291.71,64.49,8.45,2.38,356.2,0,0
2025-01-05 05:00:00,12.25,37.7,60656.34,7.18,84.52,-68.28,45.04,436.84,74.07,10.24,1.86,510.91,0,0
2025-01-05 06:00:00,10.7,34.67,76365.85,7.19,84.1,-69.93,44.59,306.62,77.05,9.44,1.28,383.67,0,0
2025-01-05 07:00:00,11.54,33.35,77135.24,7.49,84.47,-69.57,44.92,361.56,72.9,9.41,2.3,434.46,0,0
2025-01-05 08:00:00,9.82,33.21,86931.77,7.29,82.42,-70.83,44.69,312.78,70.59,8.37,1.35,383.38,0,0
2025-01-05 09:00:00,10.19,34.8,67952.53,6.87,81.37,-70.51,40.8,320.35,55.62,8.38,1.77,375.97,0,0
2025-01-05 10:00:00,9.18,33.94,64862.68,6.9,80.87,-71.8,41.4,270.99,59.15,7.72,1.26,330.13,0,0
2025-01-05 11:00:00,9.35,32.76,72392.54,7.15,80.36,-70.84,40.34,221.64,67.34,8.1,1.19,288.99,0,0
2025-01-05 12:00:00,10.02,33.28,58023.57,6.84,78.06,-72.05,42.73,301.82,57.96,8.31,2.09,359.79,0,0
2025-01-05 13:00:00,7.32,27.55,72286.86,6.44,80.1,-70.5,43.24,195.75,60.74,5.95,1.49,256.49,0,0
2025-01-05 14:00:00,8.9,30.24,70081.68,6.93,78.76,-72.87,41.57,255.03,63.49,7.71,1.15,318.52,0,0
2025-01-05 15:00:00,8.4,30.78,53074.15,6.54,76.21,-72.59,40.39,273.93,58.64,7.11,1.2,332.57,0,0
2025-01-05 16:00:00,7.39,26.88,65341.34,7.28,77.07,-69.7,41.36,195.48,52.21,6.39,1.0,247.69,0,0
2025-01-05 17:00:00,6.45,27.35,50129.0,6.9,75.79,-70.69,35.47,100.0,44.71,5.33,1.13,144.71,0,0
2025-01-05 18:00:00,7.71,26.75,64528.18,6.6,76.66,-69.67,40.06,228.27,65.34,6.7,0.95,293.61,0,0
2025-01-05 19:00:00,7.16,26.69,58041.01,6.62,74.31,-70.31,40.55,193.8,56.86,6.02,1.21,250.65,0,0
2025-01-05 20:00:00,7.91,27.75,55300.15,6.3,75.89,-70.49,36.2,197.32,57.36,6.73,1.04,254.68,0,0
2025-01-05 21:00:00,7.87,30.47,57072.23,6.48,76.6,-71.05,39.4,222.64,52.7,6.59,1.14,275.33,0,0
2025-01-05 22:00:00,9.5,31.77,70650.82,6.99,78.49,-70.94,44.53,258.86,62.93,7.75,1.8,321.8,0,0
2025-01-05 23:00:00,8.09,30.11,56085.07,7.27,77.51,-69.55,41.83,214.0,57.63,6.8,1.12,271.63,0,0
2025-01-06 00:00:00,7.67,33.82,47742.11,6.88,76.1,-71.02,40.25,152.84,56.99,6.36,1.41,209.84,0,0
2025-01-06 01:00:00,9.03,32.6,55899.09,6.66,78.82,-67.81,43.03,245.34,64.71,7.75,1.28,310.05,0,0
2025-01-06 02:00:00,9.34,35.62,47503.53,6.56,80.53,-69.91,41.86,254.3,55.94,7.77,1.29,310.24,0,0
2025-01-06 03:00:00,10.59,34.23,50429.31,6.42,81.48,-67.65,43.51,298.14,56.78,8.48,2.13,354.92,0,0
2025-01-06 04:00:00,10.3,35.13,60578.73,7.17,84.13,-68.83,42.51,274.92,64.57,8.17,1.88,339.49,0,0
2025-01-06 05:00:00,9.98,35.8,56502.6,6.6,83.14,-68.02,42.5,274.52,52.56,7.93,2.16,327.08,0,0
2025-01-06 06:00:00,11.02,39.31,53605.38,7.18,82.62,-67.96,42.4,330.32,64.36,9.39,1.59,394.68,0,0
2025-01-06 07:00:00,8.59,36.39,47000.08,7.0,82.18,-70.63,42.69,206.88,55.64,6.94,1.93,262.52,0,0
2025-01-06 08:00:00,8.97,34.12,42156.62,6.22,82.93,-70.19,42.76,259.24,62.91,7.63,1.51,322.15,0,0
2025-01-06 09:00:00,8.54,35.5,46451.87,6.5,80.64,-71.58,42.52,227.62,70.32,7.2,1.18,297.94,0,0
2025-01-06 10:00:00,8.79,33.08,50677.81,6.5,80.54,-71.92,40.48,267.8,46.6,7.35,1.13,314.4,0,0
2025-01-06 11:00:00,7.63,31.97,50057.23,6.66,78.63,-71.02,38.57,171.91,68.07,6.49,1.03,239.98,0,0
2025-01-06 12:00:00,9.16,32.63,55267.2,6.68,80.65,-71.12,43.52,244.39,59.6,7.69,1.29,303.99,0,0
2025-01-06 13:00:00,8.11,30.55,42352.01,7.46,78.21,-71.86,40.71,228.4,58.26,6.27,2.11,286.66,0,0
2025-01-06 14:00:00,6.73,29.9,47682.74,6.46,76.32,-71.89,39.97,157.33,43.05,5.56,1.17,200.38,0,0
2025-01-06 15:00:00,6.93,28.77,47391.63,6.81,76.24,-74.3,38.34,172.78,58.17,5.89,1.18,230.95,0,0
2025-01-06 16:00:00,7.98,28.54,39309.33,6.93,76.12,-71.51,40.28,226.73,55.87,7.05,0.89,282.6,0,0
2025-01-06 17:00:00,8.39,28.27,45079.55,6.8,75.12,-73.34,38.75,205.28,56.47,7.41,0.95,261.75,0,0
2025-01-06 18:00:00,9.44,25.32,50938.01,6.85,74.86,-72.35,42.95,270.65,49.95,7.55,1.89,320.6,0,0
2025-01-06 19:00:00,10.37,28.61,36666.24,6.59,74.41,-72.35,43.98,300.81,65.59,8.61,1.92,366.4,0,0
2025-01-06 20:00:00,8.3,27.06,52081.94,6.91,76.33,-70.75,43.69,249.87,63.43,6.56,1.79,313.31,0,0
2025-01-06 21:00:00,7.3,27.17,38156.11,7.04,75.69,-72.4,40.16,221.75,51.97,6.41,0.72,273.72,0,0
2025-01-06 22:00:00,6.59,29.69,50009.06,7.02,76.67,-73.6,37.58,212.52,58.13,5.66,1.18,270.65,0,0
2025-01-06 23:00:00,9.11,30.86,43183.26,7.11,76.34,-71.71,41.42,294.17,66.5,7.72,1.35,360.67,0,0
2025-01-07 00:00:00,8.53,31.0,36303.18,7.35,78.59,-70.6,43.31,246.45,55.02,7.2,1.26,301.47,0,0
2025-01-07 01:00:00,9.28,33.9,43838.04,7.26,79.44,-71.22,40.3,240.69,69.36,8.08,0.78,310.05,0,0
2025-01-07 02:00:00,9.48,32.29,42122.49,7.08,80.08,-69.81,41.46,280.19,61.18,8.23,1.35,341.37,0,0
2025-01-07 03:00:00,10.25,34.28,36890.03,6.8,81.21,-69.74,43.87,336.21,64.99,8.9,1.36,401.2,0,0
2025-01-07 04:00:00,11.62,34.74,48323.75,6.97,82.73,-69.84,44.93,360.31,70.34,9.8,1.83,430.65,0,0
2025-01-07 05:00:00,11.02,35.83,48266.21,7.09,83.02,-67.88,46.84,373.1,69.55,9.09,1.86,442.65,0,0
2025-01-07 06:00:00,10.88,36.4,38877.43,7.24,82.69,-69.06,41.58,322.4,49.64,9.33,1.46,372.04,0,0
2025-01-07 07:00:00,10.15,34.76,39637.01,7.08,81.72,-68.97,41.13,293.36,61.77,8.66,1.44,355.13,0,0
2025-01-07 08:00:00,9.56,36.49,54319.1,6.99,81.46,-68.86,45.04,283.31,55.05,7.81,1.82,338.37,0,0
2025-01-07 09:00:00,10.55,35.11,42369.36,6.95,80.01,-68.3,40.74,278.69,73.76,8.75,1.89,352.44,0,0
2025-01-07 10:00:00,10.8,31.98,37759.02,6.86,79.64,-69.61,42.05,298.4,74.94,9.39,1.38,373.34,0,0
2025-01-07 11:00:00,12.27,30.98,36871.01,7.23,79.45,-69.58,43.59,300.97,76.09,10.82,1.59,377.06,0,0
2025-01-07 12:00:00,10.6,32.33,53122.8,6.94,78.15,-70.35,45.05,312.6,65.14,8.58,2.01,377.74,0,0
2025-01-07 13:00:00,11.17,31.1,32559.55,7.07,77.59,-69.85,43.76,334.83,61.54,9.28,1.82,396.37,0,0
2025-01-07 14:00:00,9.67,30.33,51338.87,7.23,76.15,-69.56,43.51,309.35,58.69,8.08,1.62,368.04,0,0
2025-01-07 15:00:00,8.93,29.64,46714.11,7.0,74.52,-70.95,41.23,273.78,70.68,7.52,1.2,344.46,0,0
2025-01-07 16:00:00,9.06,29.36,55794.33,7.44,76.97,-70.09,44.39,294.96,57.06,7.35,1.75,352.03,0,0
2025-01-07 17:00:00,9.28,29.89,37274.97,7.53,74.63,-71.37,46.91,320.04,49.49,8.21,0.84,369.53,0,0
2025-01-07 18:00:00,11.94,27.33,41188.2,7.21,74.23,-73.37,45.05,439.99,77.03,10.07,1.71,517.02,0,0
2025-01-07 19:00:00,9.45,27.45,42981.45,7.24,74.12,-73.06,42.2,329.82,70.19,7.98,1.17,400.01,0,0
2025-01-07 20:00:00,11.19,28.0,44290.82,7.48,76.18,-72.03,41.56,340.4,76.38,9.84,1.33,416.78,0,0
2025-01-07 21:00:00,9.95,30.35,47190.88,7.16,77.87,-71.97,41.7,272.6,68.74,8.16,2.03,341.34,0,0
2025-01-07 22:00:00,11.98,32.38,43244.38,7.13,76.52,-72.89,43.88,360.56,77.44,9.95,2.01,438.0,0,0
2025-01-07 23:00:00,11.91,31.39,38266.21,7.62,77.42,-73.23,43.49,391.61,70.08,9.51,2.49,461.7,0,0
2025-01-08 00:00:00,11.86,30.0,47416.28,7.52,80.02,-74.08,39.71,292.89,55.49,10.43,1.78,348.39,1,0
2025-01-08 01:00:00,12.4,32.05,42088.42,7.44,77.59,-74.0,42.44,240.03,70.93,10.52,1.94,310.96,0,0
2025-01-08 02:00:00,12.27,34.11,48230.86,7.5,82.78,-72.26,41.45,219.46,73.56,11.14,1.02,293.02,0,0
2025-01-08 03:00:00,13.64,35.33,54228.65,6.75,84.22,-72.33,41.27,360.5,73.32,12.2,1.34,433.82,0,0
2025-01-08 04:00:00,13.15,36.2,39647.11,7.56,78.66,-73.34,38.86,249.75,71.0,11.56,1.59,320.75,0,0
2025-01-08 05:00:00,12.71,37.19,54198.78,7.3,82.33,-72.72,42.28,263.57,65.86,11.24,1.37,329.42,0,0
2025-01-08 06:00:00,12.83,36.96,58777.0,7.43,81.9,-70.98,41.78,349.32,65.76,11.44,1.3,415.08,0,0
2025-01-08 07:00:00,14.22,38.51,54720.46,7.24,82.16,-72.26,39.67,252.92,86.53,12.16,2.21,339.45,0,0
2025-01-08 08:00:00,15.49,36.1,55944.63,7.13,81.68,-71.24,45.0,398.5,93.44,13.63,2.01,491.94,0,0
2025-01-08 09:00:00,14.15,35.29,47013.11,7.02,82.2,-71.6,43.19,342.2,76.75,12.76,1.14,418.95,0,0
2025-01-08 10:00:00,13.77,36.12,51972.88,7.15,80.61,-73.21,38.88,282.21,75.76,11.45,2.2,357.97,0,0
2025-01-08 11:00:00,13.97,32.79,58861.24,6.95,79.1,-72.12,42.36,389.3,69.83,12.33,1.57,459.13,0,0
2025-01-08 12:00:00,14.69,34.12,50830.59,7.22,78.76,-73.73,42.12,297.33,81.77,12.39,2.39,379.1,0,0
2025-01-08 13:00:00,13.52,32.79,51349.85,6.57,78.63,-72.28,43.04,280.99,85.23,11.81,1.89,366.22,0,0
2025-01-08 14:00:00,12.78,31.57,60671.16,6.8,76.2,-73.74,40.72,322.51,61.95,10.84,2.34,384.46,0,0
2025-01-08 15:00:00,14.01,32.88,65718.94,7.42,75.12,-72.68,42.32,411.97,78.62,12.66,1.28,490.59,0,0
2025-01-08 16:00:00,13.32,29.63,51069.34,6.72,78.12,-73.2,42.69,310.65,77.06,11.31,1.95,387.71,0,0
2025-01-08 17:00:00,14.3,32.5,66399.41,6.79,75.34,-72.7,43.13,380.31,80.39,11.82,2.57,460.7,0,0
2025-01-08 18:00:00,13.15,29.66,57000.39,6.6,75.49,-72.21,42.6,357.52,83.08,11.56,1.49,440.6,0,0
2025-01-08 19:00:00,12.02,28.58,56573.43,6.88,75.31,-71.72,39.69,287.27,80.69,10.35,1.65,367.96,0,0
2025-01-08 20:00:00,12.11,30.64,54793.49,6.59,76.64,-72.95,38.78,146.93,67.35,10.17,1.87,214.28,0,0
2025-01-08 21:00:00,15.11,29.94,56623.95,6.71,78.6,-71.24,45.26,455.65,85.18,13.33,1.39,540.83,0,0
2025-01-08 22:00:00,15.52,31.2,55324.0,6.94,77.97,-71.49,44.45,343.21,82.42,12.79,2.75,425.63,0,0
2025-01-08 23:00:00,14.18,33.58,69340.58,6.54,76.94,-70.66,44.99,339.79,74.2,11.95,2.2,413.99,0,0
2025-01-09 00:00:00,14.39,34.84,61652.02,6.89,77.76,-72.89,43.35,345.54,79.26,12.23,2.35,424.8,0,0
2025-01-09 01:00:00,16.44,34.5,61848.81,6.89,79.75,-71.93,44.46,418.36,88.91,14.61,1.84,507.28,0,0
2025-01-09 02:00:00,14.5,37.42,62854.2,6.93,80.77,-68.12,46.32,472.26,81.19,12.96,1.34,553.46,0,0
2025-01-09 03:00:00,15.01,38.49,64328.38,6.7,79.94,-71.35,42.71,381.07,73.95,13.36,1.61,455.02,0,0
2025-01-09 04:00:00,16.65,39.49,59052.77,7.47,83.13,-72.07,47.22,505.4,84.64,14.44,1.9,590.04,0,0
2025-01-09 05:00:00,15.9,38.83,66686.65,6.91,81.62,-71.43,47.4,438.46,82.41,12.78,2.94,520.87,0,0
2025-01-09 06:00:00,16.35,39.99,70654.97,6.73,84.7,-72.42,47.53,458.94,81.63,14.24,2.21,540.57,0,0
2025-01-09 07:00:00,16.22,35.98,78297.15,6.43,85.18,-69.49,46.18,525.04,87.2,14.43,1.76,612.24,0,0
2025-01-09 08:00:00,16.6,37.48,72032.63,6.63,82.36,-70.26,45.65,509.57,88.68,14.77,1.97,598.25,0,0
2025-01-09 09:00:00,17.42,36.2,67874.44,7.02,82.43,-71.97,46.9,538.79,95.53,15.21,1.92,634.33,0,0
2025-01-09 10:00:00,16.03,36.58,74002.4,7.1,80.06,-72.52,44.51,464.7,78.44,13.29,2.7,543.13,0,0
2025-01-09 11:00:00,16.27,34.8,54655.12,7.05,80.66,-71.26,43.86,414.98,80.49,13.92,2.28,495.47,0,0
2025-01-09 12:00:00,13.57,34.26,68366.73,6.89,78.94,-74.11,45.03,431.48,85.38,12.28,1.43,516.86,0,0
2025-01-09 13:00:00,15.08,35.7,70331.58,6.4,77.45,-74.43,46.26,479.78,80.75,12.43,2.76,560.53,0,0
2025-01-09 14:00:00,14.1,32.28,68816.24,6.85,77.43,-73.53,42.82,367.29,76.59,11.74,2.46,443.88,0,0
2025-01-09 15:00:00,13.53,32.16,67367.93,6.44,76.47,-74.36,44.6,372.15,74.61,11.98,1.78,446.76,0,0
2025-01-09 16:00:00,13.66,30.75,68204.64,6.4,76.09,-74.05,44.5,375.79,82.81,11.61,1.99,458.6,0,0
2025-01-09 17:00:00,14.04,30.73,74178.41,6.86,77.33,-74.49,46.58,383.63,85.64,11.65,2.58,469.27,0,0
2025-01-09 18:00:00,15.12,30.51,75079.35,6.96,75.33,-73.7,46.49,517.51,88.7,13.54,1.43,606.22,0,0
2025-01-09 19:00:00,13.14,31.17,72044.37,7.08,78.13,-72.73,45.76,444.48,75.34,11.35,1.63,519.83,0,0
2025-01-09 20:00:00,14.48,32.43,62614.02,7.0,74.82,-73.38,45.07,364.18,73.76,12.34,2.25,437.94,0,0
2025-01-09 21:00:00,14.19,33.64,66086.72,7.04,78.72,-72.07,46.02,372.15,90.27,11.76,2.21,462.42,0,0
2025-01-09 22:00:00,14.57,32.85,78335.67,6.69,76.93,-72.79,43.33,383.68,83.32,13.25,1.4,467.0,0,0
2025-01-09 23:00:00,16.03,34.15,77410.91,6.94,78.86,-73.12,46.98,528.04,82.53,13.62,2.42,610.58,0,0
2025-01-10 00:00:00,15.9,33.08,57759.23,6.62,78.62,-71.49,45.4,410.87,92.29,14.27,1.78,503.16,0,0
2025-01-10 01:00:00,16.89,35.38,78973.03,6.53,80.34,-71.36,47.51,497.64,85.2,14.77,2.12,582.84,0,0
2025-01-10 02:00:00,15.81,37.56,70016.22,7.25,82.17,-70.4,47.03,415.06,93.05,13.3,2.51,508.11,0,0
2025-01-10 03:00:00,15.53,38.28,74070.99,6.9,83.79,-68.63,47.2,448.98,92.68,13.06,2.55,541.66,0,0
2025-01-10 04:00:00,16.1,38.11,81827.93,7.34,84.24,-70.04,47.57,518.63,80.38,14.32,1.67,599.0,0,0
2025-01-10 05:00:00,16.59,39.3,79919.39,7.43,82.78,-68.26,47.86,530.2,91.17,14.64,1.84,621.37,0,0
2025-01-10 06:00:00,16.51,38.94,85421.98,7.02,83.72,-67.78,47.27,482.4,91.71,13.17,3.42,574.11,0,0
2025-01-10 07:00:00,15.28,39.63,81396.93,7.35,82.41,-68.86,48.33,498.43,99.53,13.16,2.11,597.96,0,0
2025-01-10 08:00:00,16.15,38.11,88582.7,7.06,82.05,-70.52,48.46,506.43,82.28,13.6,2.49,588.71,0,0
2025-01-10 09:00:00,16.02,36.67,86836.39,6.79,81.27,-71.91,46.2,440.54,93.28,13.16,2.85,533.82,0,0
2025-01-10 10:00:00,17.76,36.64,76959.62,7.3,81.02,-68.95,48.65,630.08,92.12,15.17,2.83,722.2,0,0
2025-01-10 11:00:00,16.82,31.73,86526.79,7.17,81.23,-69.57,46.7,509.15,80.14,13.53,3.22,589.29,0,0
2025-01-10 12:00:00,13.97,34.63,87541.78,7.19,77.98,-71.67,46.39,450.17,77.53,11.59,2.31,527.7,0,0
2025-01-10 13:00:00,14.08,28.72,70718.51,7.81,78.6,-70.08,44.58,431.04,77.43,11.76,2.07,508.46,0,0
2025-01-10 14:00:00,12.65,30.03,81040.91,6.95,79.8,-71.35,43.94,395.43,66.06,10.52,2.12,461.5,0,0
2025-01-10 15:00:00,13.09,31.77,76596.97,7.43,78.5,-71.59,47.0,375.74,77.76,11.07,2.13,453.5,0,0
2025-01-10 16:00:00,13.63,31.13,82444.99,7.1,76.25,-71.52,44.32,409.73,81.53,11.11,2.64,491.25,0,0
2025-01-10 17:00:00,14.21,28.72,85188.8,7.58,75.09,-73.54,47.62,508.29,81.33,12.49,1.73,589.62,0,0
2025-01-10 18:00:00,12.33,29.08,91860.17,7.42,77.22,-72.37,47.63,418.14,70.63,10.58,1.89,488.78,0,0
2025-01-10 19:00:00,12.33,31.67,74941.6,7.44,73.76,-72.39,45.75,340.13,71.68,10.97,1.47,411.81,0,0
2025-01-10 20:00:00,11.0,29.8,64572.98,7.11,77.56,-72.21,41.89,323.52,65.95,9.36,1.81,389.47,0,0
2025-01-10 21:00:00,12.87,33.66,77642.16,7.15,77.06,-71.54,42.91,362.12,73.81,10.74,2.28,435.93,0,1
2025-01-10 22:00:00,12.19,31.75,78576.35,7.56,80.07,-70.58,42.38,333.11,76.72,10.83,1.6,409.82,0,0
2025-01-10 23:00:00,12.85,33.16,75437.11,7.76,76.9,-72.75,44.25,367.54,74.88,10.65,2.17,442.42,0,0
2025-01-11 00:00:00,12.73,35.59,73257.11,7.42,80.65,-73.86,43.13,385.89,63.77,10.77,1.76,449.66,0,0
2025-01-11 01:00:00,13.63,34.79,83287.97,7.06,80.74,-72.46,45.22,475.31,72.99,11.66,2.06,548.3,0,0
2025-01-11 02:00:00,12.3,34.35,74964.04,7.35,81.08,-70.74,44.02,332.12,72.34,9.97,2.44,404.46,0,0
2025-01-11 03:00:00,12.68,36.19,78527.82,7.85,80.77,-72.98,44.79,400.43,79.82,10.9,2.02,480.24,0,0
2025-01-11 04:00:00,15.99,36.86,88178.53,7.25,83.78,-70.83,49.1,527.14,94.48,13.64,2.54,621.62,0,0
2025-01-11 05:00:00,12.91,35.61,77919.41,7.57,83.91,-70.21,43.17,348.1,83.43,11.3,1.89,431.53,0,0
2025-01-11 06:00:00,12.99,37.03,71167.98,6.99,85.04,-68.55,44.05,389.44,74.37,11.23,1.86,463.81,0,0
2025-01-11 07:00:00,15.46,36.25,71209.99,7.14,84.07,-70.9,46.42,500.35,87.64,13.62,1.87,587.99,0,0
2025-01-11 08:00:00,16.18,37.8,81606.44,7.27,82.27,-71.12,48.43,545.29,78.06,13.47,2.5,623.35,0,0
2025-01-11 09:00:00,12.19,36.04,87432.61,7.19,81.45,-70.83,47.83,371.02,76.16,9.91,2.32,447.18,0,0
2025-01-11 10:00:00,12.53,34.77,81065.15,6.87,80.12,-70.81,45.48,472.99,66.58,11.16,1.28,539.57,0,0
2025-01-11 11:00:00,12.75,33.96,93141.82,6.83,82.78,-70.26,43.61,330.62,72.16,10.17,2.61,402.78,0,0
2025-01-11 12:00:00,13.56,33.27,76168.32,7.25,78.87,-70.32,46.36,440.42,95.09,10.91,2.66,535.51,0,0
2025-01-11 13:00:00,10.67,32.65,83376.32,7.27,80.67,-71.06,44.68,306.61,68.38,9.05,1.69,374.98,0,1
2025-01-11 14:00:00,10.92,29.69,81886.74,7.32,78.73,-70.96,43.41,338.63,61.37,9.61,1.29,400.0,0,0
2025-01-11 15:00:00,11.46,28.75,85138.44,7.36,77.89,-70.6,43.09,344.92,70.55,9.59,2.01,415.47,0,0
2025-01-11 16:00:00,10.83,30.64,75806.9,6.91,76.35,-71.86,45.93,296.47,64.79,9.35,1.07,361.27,0,0
2025-01-11 17:00:00,9.85,28.36,92486.76,6.77,77.58,-70.16,42.16,302.21,56.68,7.69,2.19,358.88,0,0
2025-01-11 18:00:00,9.9,26.97,70895.94,7.16,76.05,-71.19,43.45,324.97,75.95,8.18,1.9,400.92,0,0
2025-01-11 19:00:00,8.7,29.28,81882.5,6.98,76.12,-70.76,41.8,211.15,64.96,6.9,2.08,276.12,0,0
2025-01-11 20:00:00,9.71,29.65,84286.11,6.53,77.71,-70.4,44.11,280.28,65.21,8.27,1.56,345.49,0,0
2025-01-11 21:00:00,9.76,27.84,90647.38,6.49,77.54,-70.1,46.5,242.97,62.5,7.66,2.34,305.47,0,0
2025-01-11 22:00:00,10.33,30.73,77291.06,6.85,77.13,-71.26,44.43,265.86,63.44,8.26,2.09,329.3,0,0
2025-01-11 23:00:00,9.79,32.25,78732.16,6.67,79.56,-70.53,42.25,264.82,71.55,8.29,1.5,336.36,0,0
2025-01-12 00:00:00,10.91,32.8,85880.41,6.69,79.96,-68.81,45.96,320.25,70.0,9.35,1.63,390.25,0,0
2025-01-12 01:00:00,11.59,34.09,80231.75,6.95,81.3,-69.02,43.68,378.06,50.37,9.63,1.96,428.42,0,0
2025-01-12 02:00:00,10.99,32.56,77559.53,6.86,81.02,-70.68,44.17,297.01,81.78,9.34,1.54,378.79,0,0
2025-01-12 03:00:00,11.3,35.43,82900.64,6.99,81.08,-69.57,43.04,351.46,68.67,9.53,1.7,420.14,0,0
2025-01-12 04:00:00,11.12,35.26,80625.99,6.17,84.81,-70.85,42.77,347.46,68.88,9.21,1.74,416.34,0,0
2025-01-12 05:00:00,11.08,35.39,85033.77,6.71,85.08,-69.08,44.99,377.59,74.59,8.86,2.3,452.18,0,0
2025-01-12 06:00:00,10.37,37.11,85774.63,6.82,84.5,-67.9,45.22,298.91,68.73,8.67,1.7,367.64,0,0
2025-01-12 07:00:00,11.16,37.66,79998.47,6.27,82.8,-69.88,42.1,300.26,71.08,9.45,1.66,371.34,0,0
2025-01-12 08:00:00,10.57,37.6,73035.7,6.49,82.33,-70.15,43.86,295.39,63.18,9.1,1.39,358.57,0,0
2025-01-12 09:00:00,12.26,36.35,80848.29,6.45,83.87,-72.51,44.13,389.58,63.91,10.32,2.02,453.48,0,0
2025-01-12 10:00:00,11.45,33.77,73874.21,6.68,81.02,-71.08,46.39,325.12,71.88,9.19,2.38,397.0,0,0
2025-01-12 11:00:00,10.0,33.32,81435.09,7.09,80.1,-70.88,43.18,340.34,72.09,8.47,1.37,412.43,0,0
2025-01-12 12:00:00,8.58,32.75,68124.24,7.2,81.54,-70.33,40.1,247.22,53.58,7.15,1.23,300.8,0,0
2025-01-12 13:00:00,7.87,30.9,84244.19,6.51,79.02,-70.86,42.01,203.03,51.66,6.43,1.59,254.69,0,0
2025-01-12 14:00:00,9.58,29.92,70696.61,6.86,79.76,-71.63,41.53,315.37,68.58,7.9,1.48,383.95,0,0
2025-01-12 15:00:00,8.42,29.89,72680.7,6.89,75.61,-73.14,43.48,246.82,55.88,6.87,1.63,302.7,0,0
2025-01-12 16:00:00,8.36,28.17,79162.3,6.87,77.36,-73.56,42.01,312.63,55.13,7.13,1.47,367.77,0,0
2025-01-12 17:00:00,6.18,26.93,87172.14,6.9,78.96,-71.85,40.53,154.57,47.68,4.88,1.54,202.25,0,0
2025-01-12 18:00:00,8.48,27.15,71965.44,6.9,76.13,-73.89,42.37,223.02,57.78,6.87,1.72,280.8,0,0
2025-01-12 19:00:00,8.04,28.52,78300.34,7.27,76.12,-73.95,41.01,289.44,46.65,6.55,1.6,336.09,0,0
2025-01-12 20:00:00,6.7,28.14,76622.17,7.16,75.43,-73.61,38.8,234.74,48.21,5.83,1.21,282.96,0,0
2025-01-12 21:00:00,7.42,29.16,84326.69,6.64,78.69,-69.86,42.6,242.9,56.29,6.3,0.77,299.2,0,0
2025-01-12 22:00:00,8.29,30.37,70994.28,7.14,76.97,-72.12,40.04,204.36,57.88,6.56,1.66,262.25,0,0
2025-01-12 23:00:00,8.36,30.07,73075.02,7.19,78.62,-70.98,40.15,251.24,63.72,7.24,1.24,314.96,0,0
2025-01-13 00:00:00,8.32,32.45,95865.34,7.08,78.98,-71.11,44.73,266.17,70.12,7.08,1.19,336.28,0,0
2025-01-13 01:00:00,8.78,33.02,78448.25,7.31,82.42,-70.86,43.79,235.78,69.02,6.97,2.0,304.8,0,0
2025-01-13 02:00:00,8.91,32.03,68921.67,7.11,82.53,-68.44,40.36,187.58,64.1,6.86,2.05,251.68,0,0
2025-01-13 03:00:00,9.51,36.07,78469.02,7.14,82.24,-71.15,42.42,272.6,60.59,7.85,1.68,333.19,0,0
2025-01-13 04:00:00,10.87,34.37,79247.06,7.15,81.58,-69.67,43.59,380.38,62.79,9.27,1.57,443.17,0,0
2025-01-13 05:00:00,7.35,33.38,80048.68,6.64,84.92,-67.89,44.35,293.32,55.83,6.34,0.94,349.15,0,0
2025-01-13 06:00:00,9.49,34.25,84579.76,7.15,83.08,-68.02,45.69,286.27,66.95,7.54,1.87,353.22,0,0
2025-01-13 07:00:00,9.82,34.14,83153.76,7.03,82.11,-69.29,43.74,291.45,68.18,8.49,1.38,359.63,0,0
2025-01-13 08:00:00,9.82,35.03,74846.88,6.93,80.78,-70.73,44.63,273.09,67.52,7.54,2.16,340.61,0,0
2025-01-13 09:00:00,9.04,34.01,83371.35,7.61,81.71,-69.38,41.89,269.06,58.96,7.31,1.87,328.02,0,0
2025-01-13 10:00:00,7.56,33.11,78342.36,7.39,79.95,-70.18,40.72,217.87,59.14,6.17,1.49,277.01,0,0
2025-01-13 11:00:00,9.17,33.31,75524.87,7.28,79.93,-70.23,43.13,313.58,68.36,7.84,1.49,381.94,0,0
2025-01-13 12:00:00,10.14,31.95,86778.08,7.16,80.87,-68.33,45.32,369.69,70.56,8.65,1.32,440.26,0,0
2025-01-13 13:00:00,6.93,30.9,70932.76,7.39,78.25,-71.42,40.47,157.97,52.11,5.91,0.76,210.09,0,0
2025-01-13 14:00:00,8.83,30.06,72395.41,7.58,78.25,-69.92,43.32,288.07,54.83,6.97,1.86,342.9,0,0
2025-01-13 15:00:00,7.55,29.5,75352.32,7.13,76.43,-70.83,42.06,227.34,49.88,6.37,1.62,277.22,0,0
2025-01-13 16:00:00,7.65,25.61,82949.01,7.34,76.98,-70.02,42.33,252.28,51.39,6.35,1.48,303.68,0,0
2025-01-13 17:00:00,6.69,27.32,71365.01,7.57,78.31,-71.03,39.81,163.26,52.94,5.28,1.32,216.19,0,0
2025-01-13 18:00:00,7.35,25.03,67739.88,6.87,75.59,-70.83,41.13,180.01,57.03,5.65,1.76,237.05,0,0
2025-01-13 19:00:00,8.92,27.85,77273.37,7.33,76.8,-71.67,43.47,311.34,51.7,7.57,1.46,363.04,0,0
2025-01-13 20:00:00,8.45,28.23,79735.62,7.24,75.08,-71.54,44.23,255.37,56.15,6.83,1.41,311.53,0,0
2025-01-13 21:00:00,9.75,30.16,79770.04,7.3,79.04,-72.39,44.27,305.78,64.8,7.7,2.25,370.58,0,0
2025-01-13 22:00:00,9.57,31.19,83694.06,7.2,77.68,-73.91,42.66,278.22,56.41,7.78,1.76,334.62,0,0
2025-01-13 23:00:00,9.27,31.0,76336.17,7.35,79.98,-70.68,41.79,279.33,62.99,7.74,1.52,342.32,0,0
2025-01-14 00:00:00,10.83,31.23,88741.65,7.78,79.98,-70.36,46.72,355.36,66.61,8.77,2.07,421.97,0,0
2025-01-14 01:00:00,10.05,33.48,77542.83,7.21,81.35,-70.13,46.38,313.09,61.37,7.87,2.36,374.46,0,0
2025-01-14 02:00:00,10.78,33.27,91092.09,7.34,82.68,-70.5,46.21,400.3,68.24,9.28,1.39,468.54,0,0
2025-01-14 03:00:00,10.11,34.77,77253.24,7.75,81.74,-69.13,43.76,313.62,66.53,8.56,1.29,380.15,0,0
2025-01-14 04:00:00,10.72,36.63,78800.31,7.09,84.04,-69.82,45.87,369.32,62.41,8.64,2.13,431.72,0,0
2025-01-14 05:00:00,10.25,35.22,83166.24,7.65,82.49,-69.5,43.87,312.96,63.24,8.24,1.7,376.2,0,0
2025-01-14 06:00:00,11.91,37.03,88704.7,7.18,84.47,-68.42,49.49,469.27,76.75,9.7,2.17,546.01,0,0
2025-01-14 07:00:00,10.02,36.79,81402.21,7.59,82.84,-68.18,45.11,313.68,60.18,7.89,2.31,373.86,0,0
2025-01-14 08:00:00,11.77,34.47,77078.66,7.31,83.17,-69.71,45.42,417.93,60.62,9.69,2.16,478.55,0,0
2025-01-14 09:00:00,10.81,36.2,87458.05,7.17,82.04,-70.36,45.68,347.75,58.46,8.44,2.53,406.21,0,0
2025-01-14 10:00:00,11.9,35.09,83226.11,7.04,81.75,-70.99,46.11,410.84,68.95,9.66,2.34,479.79,0,0
2025-01-14 11:00:00,11.35,33.46,90686.11,6.87,79.9,-68.7,48.72,427.84,63.66,8.85,2.86,491.5,0,0
2025-01-14 12:00:00,12.12,31.43,91251.58,7.02,80.46,-69.24,47.6,405.38,71.12,9.42,2.61,476.5,0,0
2025-01-14 13:00:00,10.95,30.33,88473.54,7.19,79.25,-69.43,47.01,365.23,79.02,9.27,1.74,444.24,0,0
2025-01-14 14:00:00,8.71,29.81,84735.91,6.94,77.65,-67.46,45.33,291.89,52.43,7.04,1.6,344.31,0,0
2025-01-14 15:00:00,9.94,30.33,85031.83,6.83,77.47,-70.07,44.2,330.9,62.2,8.12,1.96,393.11,0,0
2025-01-14 16:00:00,8.87,27.95,77321.36,6.82,76.88,-71.45,44.47,224.22,73.47,6.75,2.12,297.69,0,0
2025-01-14 17:00:00,9.47,29.27,77123.17,7.1,75.7,-70.86,44.88,343.53,65.29,7.56,2.17,408.81,0,0
2025-01-14 18:00:00,11.38,27.18,80096.75,7.13,76.21,-71.29,44.22,380.22,66.33,9.37,1.93,446.55,0,1
2025-01-14 19:00:00,10.76,28.61,80498.99,6.63,75.37,-71.02,46.16,367.97,66.9,8.8,2.18,434.87,0,0
2025-01-14 20:00:00,9.81,29.44,89007.1,6.61,79.67,-69.39,45.57,292.28,66.96,7.39,2.51,359.24,0,1
2025-01-14 21:00:00,9.85,32.94,79530.75,6.85,78.52,-69.76,45.75,366.84,74.8,7.98,1.86,441.64,0,1
2025-01-14 22:00:00,11.17,29.24,98208.92,7.11,78.96,-70.36,47.85,408.32,67.15,9.02,2.23,475.47,0,0
2025-01-14 23:00:00,10.46,33.68,89051.19,7.0,80.51,-67.23,46.86,365.64,62.82,8.75,1.76,428.47,0,0
2025-01-15 00:00:00,11.4,33.18,89719.04,6.38,77.97,-71.54,44.14,312.87,60.26,9.64,1.81,373.13,1,0
2025-01-15 01:00:00,12.72,34.58,90727.89,6.62,78.27,-71.69,42.57,325.79,72.47,10.14,2.55,398.26,0,0
2025-01-15 02:00:00,13.9,35.25,102076.96,6.44,81.84,-69.7,45.38,436.57,68.92,11.47,2.33,505.49,0,0
2025-01-15 03:00:00,13.79,36.53,89636.74,6.6,81.1,-70.63,45.32,407.58,74.17,11.51,2.23,481.75,0,0
2025-01-15 04:00:00,11.5,36.5,71523.71,7.06,82.36,-70.56,41.82,332.23,62.09,10.22,1.02,394.32,0,0
2025-01-15 05:00:00,14.08,38.89,84130.2,6.3,83.58,-69.82,45.08,344.7,84.18,11.2,3.01,428.88,0,0
2025-01-15 06:00:00,14.04,36.79,90806.33,6.25,84.69,-69.99,48.86,486.22,77.24,11.89,1.96,563.47,0,0
2025-01-15 07:00:00,14.44,38.61,91889.48,6.44,82.34,-70.55,46.12,455.17,81.95,12.92,1.48,537.12,0,0
2025-01-15 08:00:00,15.53,36.13,85367.86,6.73,83.48,-70.14,47.66,430.15,74.52,13.35,2.27,504.67,0,0
2025-01-15 09:00:00,12.15,36.25,100010.1,6.82,82.95,-70.78,43.95,377.95,71.61,10.58,1.7,449.56,0,0
2025-01-15 10:00:00,13.35,34.26,85750.88,6.78,82.16,-71.91,42.38,292.29,66.53,10.98,2.1,358.82,0,0
2025-01-15 11:00:00,14.24,35.18,91561.18,6.98,80.54,-70.94,44.64,341.91,75.4,11.67,2.56,417.31,0,0
2025-01-15 12:00:00,12.1,35.38,85484.78,6.26,81.54,-72.45,43.89,303.95,83.88,10.85,1.32,387.83,0,0
2025-01-15 13:00:00,14.65,32.57,79526.14,7.01,78.81,-72.7,45.37,394.15,85.35,12.69,1.97,479.49,0,0
2025-01-15 14:00:00,13.48,31.51,94998.97,6.65,80.51,-71.76,46.07,430.23,75.7,11.46,2.22,505.94,0,0
2025-01-15 15:00:00,13.78,29.63,85653.25,6.94,76.68,-74.19,44.57,386.38,95.61,11.4,2.25,481.99,0,0
2025-01-15 16:00:00,12.42,30.11,86856.23,6.44,77.84,-73.93,43.23,333.71,65.76,10.64,1.47,399.48,0,0
2025-01-15 17:00:00,13.65,28.12,81469.95,6.8,76.45,-74.12,43.95,366.59,82.63,11.36,2.41,449.21,0,0
2025-01-15 18:00:00,13.94,28.84,78718.02,6.88,75.95,-74.36,45.31,424.05,68.24,12.43,1.43,492.3,0,0
2025-01-15 19:00:00,13.33,30.39,87441.25,7.14,77.39,-74.69,45.3,464.6,74.02,12.38,0.69,538.62,0,0
2025-01-15 20:00:00,13.55,32.14,77217.54,6.48,76.4,-74.02,42.74,381.91,66.52,11.81,1.72,448.43,0,0
2025-01-15 21:00:00,13.87,34.6,76874.01,6.92,74.35,-73.8,45.44,348.6,78.83,11.7,2.35,427.43,0,0
2025-01-15 22:00:00,13.19,31.4,85961.0,6.67,74.91,-72.41,43.73,366.36,74.36,10.4,2.6,440.71,0,0
2025-01-15 23:00:00,14.21,34.82,83879.92,7.1,80.46,-71.11,45.73,457.75,76.73,11.58,2.98,534.48,0,0
2025-01-16 00:00:00,14.6,34.47,88509.4,7.19,81.46,-73.39,45.54,442.6,86.25,13.04,1.44,528.84,0,0
2025-01-16 01:00:00,15.47,35.06,86453.74,7.35,83.03,-69.74,48.74,435.18,81.37,12.81,2.67,516.55,0,0
2025-01-16 02:00:00,16.39,36.76,84875.27,6.93,81.73,-71.04,46.89,523.34,88.32,13.82,2.39,611.66,0,0
2025-01-16 03:00:00,14.86,37.17,77310.72,7.32,80.82,-70.59,45.24,436.28,85.25,13.07,1.8,521.53,0,0
2025-01-16 04:00:00,15.96,37.9,83805.15,7.46,82.53,-70.0,47.87,504.85,76.78,14.2,1.74,581.63,0,0
2025-01-16 05:00:00,17.59,37.7,84115.35,6.74,83.37,-69.82,47.14,515.9,85.87,14.94,2.42,601.77,0,0
2025-01-16 06:00:00,15.68,36.67,80672.26,7.33,82.26,-70.16,46.07,473.91,83.85,13.31,2.8,557.76,0,0
2025-01-16 07:00:00,15.63,36.39,87419.91,7.44,85.27,-69.02,46.02,468.3,87.09,13.43,2.12,555.38,0,0
2025-01-16 08:00:00,16.48,38.64,90060.49,7.16,85.65,-67.38,47.14,549.15,95.34,13.76,2.65,644.49,0,0
2025-01-16 09:00:00,16.91,36.91,85173.07,6.94,83.01,-69.37,47.69,558.21,87.31,14.1,2.95,645.52,0,1
2025-01-16 10:00:00,15.95,35.72,82942.36,7.5,81.67,-68.83,48.93,554.95,84.56,13.7,2.52,639.51,0,0
2025-01-16 11:00:00,16.89,35.49,92997.12,6.99,79.73,-69.74,47.81,534.02,83.37,14.37,2.69,617.39,0,0
2025-01-16 12:00:00,16.18,35.42,80689.51,7.26,81.57,-69.31,48.34,629.18,88.72,14.59,1.41,717.9,0,0
2025-01-16 13:00:00,15.89,33.66,87474.46,7.31,79.25,-72.57,47.75,529.32,83.58,13.68,2.24,612.89,0,0
2025-01-16 14:00:00,15.36,31.7,83101.96,7.51,77.87,-70.46,44.83,566.69,80.01,13.48,1.59,646.7,0,0
2025-01-16 15:00:00,16.72,33.13,84608.65,7.18,78.04,-72.08,48.54,529.58,88.06,13.8,3.06,617.64,0,0
2025-01-16 16:00:00,14.27,32.93,85324.13,7.17,76.33,-71.75,43.69,433.57,80.75,12.33,1.69,514.32,0,0
2025-01-16 17:00:00,12.54,31.23,78234.94,7.37,76.57,-73.39,44.46,326.98,69.0,10.5,1.92,395.98,0,0
2025-01-16 18:00:00,15.74,31.67,69612.6,7.6,74.44,-74.67,44.82,441.51,78.25,13.75,1.99,519.76,0,0
2025-01-16 19:00:00,13.93,32.13,77236.16,7.92,77.58,-70.47,45.32,409.34,79.98,12.07,1.92,489.32,0,0
2025-01-16 20:00:00,14.55,32.39,83360.35,6.97,76.8,-73.68,44.05,423.81,60.41,12.4,2.1,484.22,0,0
2025-01-16 21:00:00,15.81,32.4,72787.1,7.42,78.42,-71.43,46.39,525.56,80.52,14.51,1.53,606.08,0,0
2025-01-16 22:00:00,13.42,33.2,78200.12,7.06,77.82,-72.69,45.7,415.17,69.12,11.95,1.57,484.28,0,0
2025-01-16 23:00:00,14.0,34.06,70414.53,7.57,78.5,-72.99,43.5,403.18,83.7,12.4,1.7,486.88,0,0
2025-01-17 00:00:00,13.97,33.15,65942.62,7.07,78.08,-72.69,43.94,401.47,74.0,12.18,1.6,475.47,0,0
2025-01-17 01:00:00,14.98,36.33,83056.62,7.12,81.68,-72.47,47.69,504.18,79.04,13.27,1.96,583.22,0,0
2025-01-17 02:00:00,16.34,34.81,77072.25,7.12,80.54,-72.17,47.62,421.09,86.43,13.4,2.82,507.52,0,0
2025-01-17 03:00:00,16.62,36.29,65203.1,7.23,81.33,-72.8,43.29,547.94,81.17,14.84,2.05,629.11,0,0
2025-01-17 04:00:00,16.55,39.42,69725.87,7.31,82.56,-71.76,49.64,465.64,86.47,13.78,3.07,552.12,0,0
2025-01-17 05:00:00,15.1,39.25,66318.61,7.32,82.94,-70.2,46.53,471.88,82.54,12.67,2.5,554.42,0,0
2025-01-17 06:00:00,14.27,40.14,59197.28,7.17,80.83,-71.58,45.37,423.99,76.0,12.46,1.97,499.99,0,0
2025-01-17 07:00:00,16.3,37.86,62836.8,6.82,82.44,-72.55,46.08,489.63,82.94,14.51,1.33,572.56,0,0
2025-01-17 08:00:00,15.65,36.38,64058.61,7.3,83.26,-69.96,43.39,428.06,75.61,12.94,2.67,503.67,0,0
2025-01-17 09:00:00,16.23,36.81,73548.28,7.08,81.71,-71.13,48.04,479.05,79.74,13.62,2.78,558.79,0,0
2025-01-17 10:00:00,16.12,36.36,70824.36,7.35,81.07,-71.48,46.55,462.5,85.63,13.7,2.56,548.13,0,0
2025-01-17 11:00:00,15.25,35.34,70171.14,6.85,80.63,-70.42,47.04,560.49,84.66,12.9,2.17,645.15,0,0
2025-01-17 12:00:00,15.42,35.53,63289.57,6.6,79.19,-71.61,45.69,476.79,73.85,13.49,1.89,550.64,0,0
2025-01-17 13:00:00,14.55,32.67,58602.76,6.96,77.15,-73.44,44.41,469.74,83.35,13.84,0.33,553.09,0,0
2025-01-17 14:00:00,14.44,32.52,64827.46,7.26,77.59,-70.09,44.02,447.9,82.79,12.48,2.02,530.69,0,0
2025-01-17 15:00:00,12.99,30.05,58270.28,6.95,77.8,-71.36,45.09,335.37,80.1,10.82,1.89,415.46,0,0
2025-01-17 16:00:00,13.18,31.1,68974.18,6.83,75.32,-72.15,43.01,385.17,75.36,10.74,2.61,460.53,0,0
2025-01-17 17:00:00,13.3,30.12,61488.04,6.63,75.48,-72.65,46.63,365.53,80.11,11.33,2.15,445.64,0,0
2025-01-17 18:00:00,13.72,29.04,68336.07,7.26,74.47,-71.27,47.9,355.09,91.65,11.36,2.29,446.74,0,0
2025-01-17 19:00:00,12.56,29.74,48902.44,6.54,76.54,-72.21,44.41,331.3,70.64,11.01,1.64,401.94,0,0
2025-01-17 20:00:00,13.4,30.16,55187.54,6.59,75.95,-72.94,45.87,406.33,69.81,11.57,1.8,476.14,0,0
2025-01-17 21:00:00,12.77,30.65,53736.81,6.9,75.63,-72.41,42.96,306.9,63.03,10.8,2.01,369.94,0,0
2025-01-17 22:00:00,13.04,33.88,58156.61,6.27,77.53,-70.02,45.06,364.66,84.93,11.82,1.05,449.59,0,0
2025-01-17 23:00:00,14.07,32.55,53852.53,7.03,76.81,-70.69,44.13,382.0,87.7,11.8,2.37,469.7,0,0
2025-01-18 00:00:00,11.72,33.36,55057.15,6.85,77.94,-71.59,39.45,346.36,61.97,10.08,1.39,408.34,0,0
2025-01-18 01:00:00,12.54,32.12,59017.58,6.91,78.5,-69.82,45.16,344.21,68.49,10.94,1.33,412.71,0,0
2025-01-18 02:00:00,12.54,34.47,57431.71,6.81,79.73,-69.95,44.82,396.4,70.7,10.99,1.54,467.1,0,0
2025-01-18 03:00:00,11.9,36.01,50770.65,6.62,82.91,-69.82,42.37,329.23,76.47,10.56,1.32,405.7,0,0
2025-01-18 04:00:00,13.46,36.08,47682.63,6.39,81.08,-70.81,41.22,368.1,65.8,11.77,1.73,433.9,0,0
2025-01-18 05:00:00,14.74,38.91,46876.53,6.62,82.72,-69.77,43.62,416.35,67.11,13.06,1.58,483.46,0,0
2025-01-18 06:00:00,13.72,37.14,48743.04,6.41,81.46,-71.24,41.48,365.87,87.49,11.5,2.51,453.35,0,0
2025-01-18 07:00:00,13.99,38.69,46029.17,6.77,83.02,-70.36,44.82,413.69,79.14,12.39,1.63,492.83,0,0
2025-01-18 08:00:00,14.54,36.76,52895.85,6.86,80.91,-70.74,42.69,445.74,80.47,12.74,1.83,526.2,0,0
2025-01-18 09:00:00,14.44,36.04,44431.2,7.03,81.27,-72.62,44.62,458.06,77.33,12.94,1.53,535.39,0,0
2025-01-18 10:00:00,12.8,35.01,41628.34,6.76,80.47,-71.51,41.79,337.94,74.48,10.41,2.54,412.42,0,0
2025-01-18 11:00:00,13.66,34.1,39401.69,6.91,82.06,-71.37,41.14,379.71,65.04,11.46,2.29,444.75,0,0
2025-01-18 12:00:00,12.08,35.06,52471.86,6.62,79.69,-70.99,43.05,316.31,65.03,10.56,1.59,381.34,0,0
2025-01-18 13:00:00,10.8,29.13,45764.9,6.59,77.23,-74.42,40.89,276.59,65.51,8.51,2.4,342.1,0,0
2025-01-18 14:00:00,10.6,28.49,46316.23,6.85,77.81,-73.16,41.89,314.2,51.08,9.24,1.08,365.28,0,0
2025-01-18 15:00:00,9.43,29.35,47431.91,6.66,78.72,-72.81,38.26,220.32,58.35,8.31,0.84,278.67,0,0
2025-01-18 16:00:00,9.64,29.33,52584.39,6.84,74.18,-73.07,39.52,221.72,58.66,8.08,1.54,280.39,0,0
2025-01-18 17:00:00,9.87,29.69,42831.05,6.53,74.4,-73.87,36.84,160.32,59.76,8.35,1.49,220.08,0,0
2025-01-18 18:00:00,10.74,29.23,43689.79,6.6,74.97,-71.82,38.24,265.63,61.08,8.88,1.95,326.71,0,0
2025-01-18 19:00:00,11.48,28.29,45476.08,7.01,74.94,-72.77,44.57,325.35,63.11,9.65,1.84,388.46,0,0
2025-01-18 20:00:00,8.69,30.32,36817.9,7.1,75.12,-73.74,41.53,250.45,47.46,7.37,1.4,297.91,0,0
2025-01-18 21:00:00,10.35,30.91,40613.53,6.66,74.72,-73.04,40.77,281.59,64.24,8.68,1.48,345.82,0,0
2025-01-18 22:00:00,9.18,30.67,36052.97,7.11,78.29,-72.06,38.47,209.23,57.59,7.68,1.5,266.82,0,0
2025-01-18 23:00:00,10.72,32.52,57347.53,6.84,76.68,-71.47,41.59,301.2,56.67,9.03,1.49,357.87,0,0
2025-01-19 00:00:00,10.36,32.68,40076.77,7.0,78.4,-72.68,41.93,297.2,64.33,8.79,1.63,361.54,0,0
2025-01-19 01:00:00,9.03,32.66,40742.89,7.38,80.69,-71.28,38.78,204.91,57.12,8.15,0.6,262.03,0,0
2025-01-19 02:00:00,11.69,35.09,39918.9,7.26,80.33,-70.08,42.22,304.01,65.58,9.88,1.86,369.58,0,0
2025-01-19 03:00:00,10.44,35.16,35961.31,7.29,79.89,-69.58,40.11,289.67,50.5,9.09,1.13,340.16,0,0
2025-01-19 04:00:00,10.59,35.62,28372.26,7.6,79.81,-72.28,39.69,248.98,67.98,8.92,1.61,316.95,0,0
2025-01-19 05:00:00,10.12,37.74,42059.2,6.97,81.81,-68.38,39.82,234.88,54.98,8.5,1.75,289.86,0,0
2025-01-19 06:00:00,10.43,33.12,32153.27,6.93,81.04,-69.78,40.99,250.3,64.1,8.48,1.99,314.4,0,0
2025-01-19 07:00:00,11.26,34.18,42187.28,7.02,82.29,-70.95,40.32,257.12,61.27,9.18,1.84,318.39,0,0
2025-01-19 08:00:00,10.49,34.02,35629.34,7.16,79.97,-72.75,41.18,284.27,61.66,8.68,1.71,345.93,0,0
2025-01-19 09:00:00,10.67,34.33,20646.67,6.66,81.39,-70.81,39.44,245.13,71.06,9.23,1.22,316.19,0,0
2025-01-19 10:00:00,10.36,33.59,37130.02,7.22,80.4,-69.71,41.17,324.32,66.77,9.1,1.01,391.09,0,0
2025-01-19 11:00:00,10.85,31.09,45046.88,7.15,79.89,-69.99,43.78,251.14,73.33,8.72,2.14,324.48,0,0
2025-01-19 12:00:00,8.96,30.65,33169.6,7.5,79.99,-69.4,39.21,216.44,60.64,7.52,1.52,277.08,0,0
2025-01-19 13:00:00,7.54,29.72,37196.63,7.41,77.14,-71.62,39.53,178.14,56.52,6.18,1.43,234.66,0,0
2025-01-19 14:00:00,9.47,32.71,36140.64,7.18,75.95,-72.62,37.49,212.15,49.61,8.02,1.54,261.76,0,0
2025-01-19 15:00:00,7.89,31.06,30976.26,7.49,75.26,-72.45,37.41,197.04,53.34,6.98,0.91,250.38,0,0
2025-01-19 16:00:00,8.93,27.74,33408.26,7.53,75.17,-72.03,39.64,184.85,57.24,7.51,1.38,242.08,0,0
2025-01-19 17:00:00,8.09,27.37,37008.08,7.16,75.04,-72.18,41.43,156.85,63.78,6.9,1.03,220.63,0,0
2025-01-19 18:00:00,7.53,26.27,30790.52,7.23,73.92,-73.45,35.6,206.6,51.05,6.68,0.78,257.66,0,0
2025-01-19 19:00:00,7.95,25.47,40679.24,6.79,73.03,-72.51,38.89,208.3,57.02,6.85,0.9,265.32,0,0
2025-01-19 20:00:00,9.46,28.0,31757.55,7.07,74.71,-73.45,41.89,215.8,62.4,7.89,1.44,278.2,0,0
2025-01-19 21:00:00,9.72,27.56,40067.89,7.15,76.54,-73.03,39.8,265.34,68.04,8.27,1.47,333.38,0,0
2025-01-19 22:00:00,8.12,29.46,43376.23,7.35,77.12,-72.7,39.26,190.49,55.17,6.7,1.4,245.66,0,0
2025-01-19 23:00:00,8.45,28.6,32937.79,7.08,78.81,-70.86,39.51,185.43,62.02,7.3,1.61,247.45,0,0
2025-01-20 00:00:00,9.56,30.62,32113.02,7.17,80.52,-71.4,40.33,284.61,50.44,8.27,1.09,335.05,0,0
2025-01-20 01:00:00,8.11,32.74,39071.04,6.98,80.33,-71.88,41.73,201.0,46.96,6.58,1.51,247.96,0,0
2025-01-20 02:00:00,9.44,33.96,45736.58,7.31,82.06,-69.97,41.49,227.84,47.08,8.02,1.2,274.93,0,0
2025-01-20 03:00:00,9.35,34.84,45121.62,7.35,82.09,-68.81,42.76,220.92,65.87,7.86,1.43,286.79,0,0
2025-01-20 04:00:00,9.83,33.38,40120.87,7.33,83.53,-70.04,40.53,237.35,65.66,8.45,1.33,303.01,0,0
2025-01-20 05:00:00,8.91,36.39,26891.46,7.2,83.63,-69.02,38.45,206.46,63.9,7.77,1.27,270.36,0,0
2025-01-20 06:00:00,8.27,34.54,47463.66,6.79,83.39,-69.17,39.88,243.46,52.4,7.06,1.14,295.86,0,0
2025-01-20 07:00:00,7.8,36.12,39126.95,6.99,82.75,-70.63,38.04,201.32,51.57,6.5,1.27,252.89,0,0
2025-01-20 08:00:00,8.54,34.96,50540.12,7.02,81.75,-70.42,41.39,228.77,57.14,7.37,1.11,285.92,0,0
2025-01-20 09:00:00,8.96,32.69,43573.37,6.99,81.15,-71.71,40.05,207.08,67.33,7.36,1.39,274.41,0,0
2025-01-20 10:00:00,8.88,33.14,48036.11,7.08,80.24,-70.87,39.95,228.98,68.56,7.16,1.61,297.55,0,0
2025-01-20 11:00:00,10.62,33.0,54189.87,7.39,80.64,-71.03,43.35,271.16,70.32,8.07,2.49,341.48,0,0
2025-01-20 12:00:00,9.58,32.27,47694.66,7.2,78.06,-71.57,39.74,238.76,62.65,8.05,1.54,301.41,0,0
2025-01-20 13:00:00,7.44,30.35,47046.06,6.72,77.72,-71.79,40.61,134.12,62.02,6.11,1.42,196.13,0,0
2025-01-20 14:00:00,8.37,31.4,48374.35,7.11,74.53,-72.14,40.22,218.15,55.3,7.07,1.26,273.45,0,0
2025-01-20 15:00:00,7.48,29.96,51486.27,7.07,78.39,-70.0,41.69,210.09,52.27,5.89,1.56,262.36,0,0
2025-01-20 16:00:00,7.45,27.83,47291.39,6.68,75.57,-71.51,39.1,158.48,53.06,6.13,1.06,211.53,0,0
2025-01-20 17:00:00,7.8,28.66,49281.11,7.06,76.02,-72.6,41.45,218.83,49.64,6.59,1.29,268.48,0,0
2025-01-20 18:00:00,8.2,29.97,52733.65,6.78,77.11,-71.05,41.54,192.91,55.8,6.6,1.5,248.72,0,0
2025-01-20 19:00:00,7.44,30.16,49148.8,6.45,75.85,-72.17,41.34,195.18,47.61,6.27,1.28,242.8,0,0
2025-01-20 20:00:00,8.89,26.76,65798.39,6.89,77.97,-69.9,42.48,228.88,65.68,7.24,1.84,294.56,0,0
2025-01-20 21:00:00,7.16,27.79,45136.64,6.81,74.93,-70.8,37.05,219.98,56.17,6.0,1.13,276.16,0,0
2025-01-20 22:00:00,8.51,31.54,49218.47,6.67,79.79,-69.05,42.91,213.4,67.15,7.19,1.17,280.55,0,0
2025-01-20 23:00:00,11.21,29.49,55733.99,6.7,79.39,-70.28,43.92,405.36,58.03,9.58,1.63,463.39,0,0
2025-01-21 00:00:00,9.46,30.24,57107.5,6.52,79.37,-69.46,43.58,296.22,73.42,7.88,1.63,369.64,0,0
2025-01-21 01:00:00,10.95,32.31,59384.03,6.84,81.69,-69.25,45.21,334.87,58.35,8.82,2.08,393.23,0,0
2025-01-21 02:00:00,10.12,34.4,58270.99,6.66,79.64,-70.64,42.43,296.25,56.25,8.24,1.79,352.5,0,0
2025-01-21 03:00:00,10.9,34.64,56984.73,6.7,81.3,-68.66,42.49,291.95,62.24,9.22,1.76,354.19,0,0
2025-01-21 04:00:00,10.61,34.66,70215.72,6.74,84.16,-67.55,45.61,273.2,74.81,8.43,2.25,348.02,0,0
2025-01-21 05:00:00,10.72,35.08,56560.14,6.36,80.45,-68.88,43.58,314.98,67.39,8.81,1.86,382.37,0,0
2025-01-21 06:00:00,10.32,35.21,70134.68,6.43,83.66,-69.44,45.46,360.78,64.47,8.4,1.67,425.25,0,0
2025-01-21 07:00:00,11.47,34.92,69646.18,6.1,83.49,-67.91,45.22,357.79,64.7,9.38,2.16,422.49,0,0
2025-01-21 08:00:00,10.3,38.36,72710.49,6.8,84.82,-69.19,45.83,326.67,57.88,8.2,1.98,384.55,0,0
2025-01-21 09:00:00,11.59,35.39,56622.6,6.36,79.86,-70.11,45.03,313.34,76.51,9.08,2.54,389.85,0,0
2025-01-21 10:00:00,11.83,35.31,64852.8,6.7,82.9,-70.11,45.79,405.5,75.78,9.9,1.95,481.29,0,1
2025-01-21 11:00:00,11.01,32.75,65459.64,6.78,79.69,-70.96,44.46,375.75,75.6,9.29,1.43,451.34,0,0
2025-01-21 12:00:00,10.22,32.13,81629.26,6.85,79.4,-73.1,45.61,320.57,68.12,7.85,2.38,388.69,0,0
2025-01-21 13:00:00,10.7,30.51,70362.31,6.41,77.3,-72.09,46.51,430.12,52.02,8.87,1.9,482.15,0,1
2025-01-21 14:00:00,9.84,27.27,75723.37,6.72,76.77,-71.84,44.59,384.82,56.38,8.29,1.65,441.2,0,1
2025-01-21 15:00:00,10.84,28.02,70617.28,7.17,77.53,-72.18,45.67,396.53,70.53,9.05,1.8,467.06,0,0
2025-01-21 16:00:00,8.28,26.92,76280.19,7.2,75.48,-70.72,43.52,247.92,55.97,6.64,1.34,303.89,0,0
2025-01-21 17:00:00,9.63,26.05,74923.91,7.05,77.12,-72.66,44.95,351.44,60.06,7.59,2.24,411.5,0,0
2025-01-21 18:00:00,8.23,27.23,92501.52,6.91,76.0,-72.44,46.94,269.57,53.65,6.64,1.66,323.22,0,1
2025-01-21 19:00:00,8.84,30.45,77555.01,6.6,75.06,-73.09,45.67,282.93,67.05,7.24,1.42,349.98,0,0
2025-01-21 20:00:00,11.67,29.26,77365.1,7.06,76.15,-72.21,46.8,381.74,73.91,9.49,2.06,455.65,0,0
2025-01-21 21:00:00,11.57,31.55,77961.48,6.87,77.68,-70.35,46.38,410.82,73.56,9.39,2.21,484.39,0,0
2025-01-21 22:00:00,10.49,31.38,80736.98,7.08,77.81,-69.46,44.99,381.9,62.38,8.19,2.4,444.28,0,0
2025-01-21 23:00:00,10.21,32.85,85740.66,6.81,79.15,-70.49,46.5,393.17,67.35,8.25,1.89,460.52,0,0
2025-01-22 00:00:00,9.33,31.92,78604.18,6.96,80.57,-72.39,40.07,182.93,51.85,8.21,1.25,234.78,1,0
2025-01-22 01:00:00,11.95,34.72,95264.56,7.07,82.41,-71.85,44.43,348.75,69.72,10.32,1.37,418.46,0,0
2025-01-22 02:00:00,15.04,35.99,88556.9,7.12,81.52,-69.74,46.82,468.87,66.81,12.96,1.92,535.68,0,0
2025-01-22 03:00:00,13.63,35.3,79787.63,7.21,81.17,-69.84,42.56,416.48,65.35,12.31,1.01,481.83,0,0
2025-01-22 04:00:00,13.06,37.36,93757.46,6.97,83.38,-70.0,45.85,354.46,73.03,10.96,1.96,427.49,0,0
2025-01-22 05:00:00,14.23,37.82,96117.59,6.81,84.24,-71.05,44.84,431.03,92.3,12.72,1.73,523.33,0,0
2025-01-22 06:00:00,12.57,36.67,98174.03,7.58,82.3,-71.25,42.94,377.46,60.78,10.49,2.39,438.24,0,0
2025-01-22 07:00:00,13.8,35.9,87337.98,7.82,82.47,-69.64,47.03,417.86,70.7,12.15,1.68,488.55,0,0
2025-01-22 08:00:00,14.16,35.49,93725.42,7.34,82.51,-69.4,47.55,462.44,80.99,12.54,1.53,543.44,0,0
2025-01-22 09:00:00,13.93,36.43,90008.55,6.92,82.4,-71.97,44.99,376.22,87.79,11.89,2.0,464.01,0,0
2025-01-22 10:00:00,14.59,35.94,98986.01,7.07,81.34,-70.56,47.24,453.63,82.06,13.03,1.63,535.68,0,0
2025-01-22 11:00:00,14.02,33.68,104069.01,7.41,82.27,-68.65,46.83,456.73,82.94,12.12,1.66,539.67,0,0
2025-01-22 12:00:00,14.12,33.68,101552.58,7.64,78.74,-71.35,48.26,464.71,78.06,11.65,2.38,542.77,0,0
2025-01-22 13:00:00,12.71,33.35,105759.22,7.01,78.0,-70.35,45.85,428.58,70.78,10.69,2.23,499.36,0,0
2025-01-22 14:00:00,13.96,32.49,96761.63,7.3,78.24,-71.07,43.73,452.43,76.97,12.29,1.51,529.4,0,0
2025-01-22 15:00:00,14.48,32.83,99660.6,7.39,77.78,-72.98,48.88,474.34,77.75,12.68,1.68,552.09,0,0
2025-01-22 16:00:00,12.06,31.91,97170.51,7.56,75.74,-73.1,45.31,307.34,75.75,9.97,2.09,383.09,0,0
2025-01-22 17:00:00,12.12,28.83,107921.38,7.26,76.66,-72.49,44.47,343.89,61.42,10.15,2.01,405.31,0,0
2025-01-22 18:00:00,14.18,31.96,116559.3,6.96,77.03,-73.33,45.92,540.45,83.96,11.98,2.11,624.41,0,0
2025-01-22 19:00:00,12.95,29.48,99676.94,7.5,76.64,-73.81,45.59,407.62,74.69,10.85,2.11,482.31,0,0
2025-01-22 20:00:00,14.6,31.81,103144.25,7.63,77.69,-71.38,46.12,450.22,78.82,13.28,1.42,529.04,0,0
2025-01-22 21:00:00,13.23,31.31,112102.02,7.32,77.63,-73.79,46.24,446.58,65.92,11.28,2.24,512.51,0,1
2025-01-22 22:00:00,15.28,31.6,104080.07,7.43,80.46,-71.05,48.26,470.06,77.9,12.95,2.31,547.96,0,0
2025-01-22 23:00:00,14.46,30.93,104854.04,7.2,80.24,-72.44,46.11,435.86,86.83,12.64,1.81,522.69,0,0
2025-01-23 00:00:00,14.97,33.97,114487.21,7.09,80.02,-72.07,46.75,528.13,80.45,12.38,2.81,608.58,0,0
2025-01-23 01:00:00,16.53,33.37,113355.26,7.54,81.88,-71.12,49.83,585.92,90.67,14.32,2.13,676.6,0,0
2025-01-23 02:00:00,15.17,37.4,104506.04,7.36,82.49,-71.81,47.22,463.85,77.39,12.1,2.87,541.25,0,0
2025-01-23 03:00:00,14.97,38.92,116090.14,7.37,84.77,-70.13,48.3,467.02,82.64,12.39,2.61,549.67,0,0
2025-01-23 04:00:00,15.67,36.81,119848.49,7.6,83.44,-72.84,47.27,610.7,76.08,13.5,2.33,686.77,0,0
2025-01-23 05:00:00,16.66,38.55,123319.03,6.94,85.4,-69.93,49.77,644.64,89.96,14.57,2.14,734.59,0,0
2025-01-23 06:00:00,14.94,37.48,116683.47,7.04,84.52,-72.6,49.63,441.08,85.98,12.16,2.77,527.06,0,1
2025-01-23 07:00:00,16.94,37.48,110460.4,7.19,85.8,-69.96,51.12,658.1,93.24,13.74,2.99,751.35,0,0
2025-01-23 08:00:00,15.81,38.79,107559.81,6.98,85.15,-69.52,47.03,526.42,79.18,13.59,2.21,605.61,0,0
2025-01-23 09:00:00,17.19,37.2,109111.79,7.29,83.43,-70.02,48.22,548.3,87.81,14.17,3.2,636.12,0,0
2025-01-23 10:00:00,13.79,38.52,127866.82,7.01,82.78,-71.54,48.61,434.33,82.51,11.28,2.32,516.85,0,0
2025-01-23 11:00:00,14.98,34.91,121114.43,6.78,82.57,-71.66,49.32,604.07,82.38,12.85,2.1,686.45,0,0
2025-01-23 12:00:00,13.89,35.66,107591.96,7.02,80.5,-71.66,47.67,452.41,77.2,11.44,2.39,529.62,0,0
2025-01-23 13:00:00,14.38,33.56,114746.99,7.01,81.86,-70.11,47.53,362.5,91.82,11.25,3.03,454.32,0,0
2025-01-23 14:00:00,15.08,33.44,106970.9,7.17,79.01,-73.11,48.48,469.2,77.63,12.15,2.97,546.83,0,0
2025-01-23 15:00:00,14.47,31.13,106289.73,7.01,77.73,-71.54,49.71,590.33,88.78,12.11,2.42,679.11,0,0
2025-01-23 16:00:00,14.22,30.97,121241.26,7.0,77.58,-70.94,49.09,493.78,74.11,11.07,3.22,567.88,0,0
2025-01-23 17:00:00,14.2,30.5,113080.65,6.93,76.15,-71.88,45.97,487.79,82.62,11.66,2.39,570.41,0,0
2025-01-23 18:00:00,14.48,29.5,122026.69,6.78,78.25,-70.47,48.99,478.56,86.04,11.5,2.73,564.6,0,0
2025-01-23 19:00:00,13.43,31.43,127185.01,6.62,77.02,-71.11,50.91,569.39,76.85,11.66,1.81,646.25,0,0
2025-01-23 20:00:00,15.09,31.81,125671.68,6.85,79.43,-70.95,47.56,579.84,75.36,13.32,1.69,655.21,0,0
2025-01-23 21:00:00,15.23,32.37,105357.1,6.67,76.73,-73.05,48.55,581.52,72.01,12.3,3.2,653.54,0,0
2025-01-23 22:00:00,15.21,34.33,111521.13,7.15,79.21,-70.53,48.07,518.55,79.74,12.83,2.66,598.28,0,0
2025-01-23 23:00:00,15.63,35.18,117190.97,7.05,81.35,-70.63,49.62,555.2,89.1,12.6,3.32,644.3,0,0
2025-01-24 00:00:00,15.68,34.01,118308.16,6.86,78.66,-71.25,50.0,523.16,79.93,12.87,2.67,603.1,0,0
2025-01-24 01:00:00,17.52,35.93,112865.62,6.78,83.98,-68.61,52.47,658.82,94.86,15.38,2.22,753.68,0,0
2025-01-24 02:00:00,15.87,35.69,111018.51,6.65,82.08,-68.46,49.59,554.93,77.82,13.01,2.99,632.75,0,0
2025-01-24 03:00:00,15.88,37.27,110283.58,6.35,83.41,-69.18,51.8,617.87,87.06,12.98,3.0,704.93,0,0
2025-01-24 04:00:00,15.62,37.14,107014.56,6.6,84.34,-68.76,48.75,545.55,78.37,12.66,2.91,623.92,0,0
2025-01-24 05:00:00,15.44,40.18,120707.64,6.68,85.28,-70.31,49.22,541.14,84.55,13.21,2.42,625.69,0,0
2025-01-24 06:00:00,15.23,38.79,113384.39,6.71,84.67,-69.04,48.44,453.12,80.77,11.35,3.88,533.89,0,0
2025-01-24 07:00:00,15.45,37.93,115563.5,6.77,85.42,-69.26,47.03,447.02,76.31,12.61,2.86,523.33,0,0
2025-01-24 08:00:00,16.01,39.2,117603.87,6.89,84.61,-68.39,50.93,518.0,84.22,13.15,2.63,602.22,0,0
2025-01-24 09:00:00,16.11,34.49,98793.98,6.49,84.84,-70.28,51.86,588.39,83.66,13.21,3.0,672.05,0,0
2025-01-24 10:00:00,15.54,33.82,105461.99,6.5,82.95,-70.79,49.52,537.99,77.69,13.28,2.22,615.69,0,0
2025-01-24 11:00:00,14.44,36.2,101628.15,7.05,83.58,-69.69,48.23,472.67,87.57,12.55,1.96,560.25,0,0
2025-01-24 12:00:00,15.55,34.25,100771.59,6.89,81.48,-71.52,47.69,521.68,82.07,12.49,3.09,603.75,0,0
2025-01-24 13:00:00,15.01,33.4,103132.02,6.62,77.67,-73.83,47.59,615.6,69.22,13.36,1.67,684.82,0,0
2025-01-24 14:00:00,13.82,30.51,109987.48,6.71,81.89,-68.81,49.32,465.43,76.19,10.95,2.87,541.62,0,0
2025-01-24 15:00:00,13.04,31.2,110604.35,6.73,77.68,-73.73,49.7,521.32,83.2,11.27,1.89,604.52,0,0
2025-01-24 16:00:00,13.83,32.96,105007.65,6.78,79.23,-72.01,49.95,524.76,75.89,11.5,2.31,600.65,0,0
2025-01-24 17:00:00,13.29,31.1,103774.6,6.92,77.23,-72.42,48.14,427.77,86.34,10.88,2.2,514.11,0,0
2025-01-24 18:00:00,11.68,30.14,91143.5,7.46,77.86,-72.31,44.66,367.31,64.63,9.67,2.09,431.94,0,0
2025-01-24 19:00:00,12.86,29.5,99734.39,6.9,76.32,-73.16,46.47,382.33,77.78,10.73,2.01,460.11,0,0
2025-01-24 20:00:00,13.17,29.91,106576.73,7.05,78.32,-72.13,46.29,444.42,81.84,10.96,2.01,526.26,0,0
2025-01-24 21:00:00,12.2,28.41,95256.44,6.49,77.56,-72.53,43.31,306.22,73.31,9.93,2.12,379.53,0,0
2025-01-24 22:00:00,13.32,32.06,103552.95,6.82,80.56,-72.08,45.35,420.2,67.23,11.01,2.36,487.42,0,0
2025-01-24 23:00:00,12.02,33.68,108275.72,7.28,80.29,-68.81,46.73,411.86,66.59,9.66,2.34,478.45,0,0
2025-01-25 00:00:00,14.72,31.76,102385.01,7.1,81.56,-70.46,48.08,431.71,88.9,11.75,2.65,520.61,0,0
2025-01-25 01:00:00,14.83,33.84,87701.44,5.93,78.61,-70.74,45.35,446.83,75.49,12.13,2.65,522.32,0,0
2025-01-25 02:00:00,13.65,34.16,87702.92,7.23,81.74,-70.23,46.54,492.72,83.2,11.01,2.82,575.92,0,0
2025-01-25 03:00:00,14.33,35.17,88652.7,7.57,83.04,-69.7,46.7,530.12,77.05,11.83,2.43,607.17,0,0
2025-01-25 04:00:00,11.9,36.97,91126.17,6.62,83.47,-69.44,43.62,378.78,70.68,10.05,1.83,449.47,0,0
2025-01-25 05:00:00,13.02,34.75,90122.8,7.53,84.6,-70.04,45.42,386.49,66.25,10.94,2.24,452.75,0,0
2025-01-25 06:00:00,13.71,38.07,85771.75,6.48,83.12,-68.93,46.53,454.21,73.89,12.07,1.76,528.1,0,0
2025-01-25 07:00:00,12.84,38.05,85078.92,7.44,83.44,-69.24,44.66,379.71,68.25,10.06,2.94,447.96,0,0
2025-01-25 08:00:00,14.2,36.39,86542.77,7.22,84.38,-67.21,48.7,484.6,82.04,11.97,1.82,566.64,0,0
2025-01-25 09:00:00,15.04,33.02,82718.72,6.66,79.9,-71.09,44.82,394.57,81.18,12.6,2.7,475.75,0,0
2025-01-25 10:00:00,11.8,33.92,79807.91,7.38,82.24,-69.62,41.85,327.39,71.3,10.11,1.79,398.69,0,0
2025-01-25 11:00:00,11.69,35.57,82040.57,7.57,80.45,-70.56,44.71,379.12,66.88,9.97,2.09,446.01,0,0
2025-01-25 12:00:00,12.21,29.67,90898.01,7.39,79.18,-68.85,46.09,443.63,66.84,10.07,2.03,510.47,0,0
2025-01-25 13:00:00,13.01,31.49,82238.47,7.46,79.38,-71.2,46.15,415.05,76.11,10.96,1.78,491.16,0,0
2025-01-25 14:00:00,10.04,29.47,74562.46,7.23,79.28,-69.9,42.09,292.36,56.83,8.22,1.82,349.19,0,0
2025-01-25 15:00:00,10.98,30.97,77702.69,6.87,78.44,-69.84,42.86,384.0,72.92,9.32,1.63,456.92,0,0
2025-01-25 16:00:00,12.08,28.5,78575.72,7.52,76.62,-71.82,44.7,359.46,70.39,9.55,2.62,429.84,0,0
2025-01-25 17:00:00,8.7,29.34,67299.87,7.79,77.04,-72.97,40.34,268.53,55.98,7.51,1.36,324.51,0,0
2025-01-25 18:00:00,8.87,29.34,67841.66,7.63,76.93,-73.19,43.21,234.3,62.65,7.48,1.38,296.95,0,0
2025-01-25 19:00:00,9.55,30.95,72093.7,6.85,76.13,-71.57,41.58,280.46,60.73,7.92,1.6,341.19,0,0
2025-01-25 20:00:00,9.46,28.85,78273.49,6.97,76.0,-73.4,42.86,297.93,51.63,7.81,1.73,349.56,0,0
2025-01-25 21:00:00,10.73,30.13,71016.01,7.13,76.4,-72.24,46.38,324.97,61.5,8.99,1.69,386.47,0,0
2025-01-25 22:00:00,10.34,28.67,73834.39,6.93,78.83,-71.73,42.54,284.5,70.55,9.02,1.26,355.05,0,0
2025-01-25 23:00:00,8.69,32.79,67782.57,7.33,78.52,-71.47,42.32,267.18,59.32,7.97,0.88,326.5,0,0
2025-01-26 00:00:00,10.95,31.44,73099.57,7.4,78.48,-71.54,44.65,385.25,57.33,9.48,1.65,442.58,0,0
2025-01-26 01:00:00,10.16,32.66,61554.62,6.93,78.33,-72.83,43.62,269.25,66.36,8.36,1.95,335.61,0,1
2025-01-26 02:00:00,12.0,34.22,69968.92,7.46,82.2,-71.76,44.67,395.99,67.44,10.26,1.71,463.43,0,0
2025-01-26 03:00:00,10.42,33.15,57943.57,7.4,81.04,-70.66,42.41,328.55,59.15,8.98,1.12,387.71,0,0
2025-01-26 04:00:00,10.49,35.89,57955.76,7.09,82.56,-71.39,42.19,283.91,57.64,8.64,1.83,341.55,0,0
2025-01-26 05:00:00,11.57,37.13,55234.43,7.16,83.83,-72.74,42.23,312.54,73.97,9.41,2.04,386.52,0,0
2025-01-26 06:00:00,11.7,36.42,55244.05,6.69,81.14,-70.74,43.18,351.87,57.15,9.93,1.75,409.02,0,0
2025-01-26 07:00:00,11.28,33.98,45936.08,7.06,82.13,-71.61,45.14,351.4,63.78,9.8,1.38,415.17,0,0
2025-01-26 08:00:00,9.14,35.3,61625.85,7.12,82.12,-70.07,43.15,254.14,61.44,7.31,1.83,315.58,0,0
2025-01-26 09:00:00,10.86,35.66,48190.62,7.13,81.76,-69.35,42.38,285.24,75.25,9.02,1.69,360.49,0,0
2025-01-26 10:00:00,9.1,31.65,49782.47,7.16,82.03,-70.37,41.64,242.04,63.11,7.85,1.06,305.14,0,0
2025-01-26 11:00:00,9.87,31.61,47855.49,7.09,78.3,-70.69,39.68,240.28,56.51,8.4,1.65,296.78,0,0
2025-01-26 12:00:00,7.98,32.88,44272.68,6.93,79.37,-70.76,39.0,163.58,64.72,7.05,0.79,228.3,0,0
2025-01-26 13:00:00,9.28,31.08,43689.48,7.04,78.96,-69.65,41.38,268.78,52.07,7.58,1.69,320.86,0,0
2025-01-26 14:00:00,7.78,30.26,59682.51,7.19,77.27,-72.18,42.4,229.81,57.54,6.98,0.94,287.35,0,0
2025-01-26 15:00:00,7.03,31.13,55136.59,6.89,76.46,-71.23,38.65,179.5,55.43,5.61,1.56,234.93,0,0
2025-01-26 16:00:00,8.57,28.8,53770.99,6.96,76.47,-70.54,40.22,186.0,52.2,6.75,1.94,238.2,0,0
2025-01-26 17:00:00,7.96,28.6,46482.67,6.81,75.81,-71.78,42.17,153.51,60.59,6.76,1.25,214.1,0,0
2025-01-26 18:00:00,7.09,30.9,39509.22,6.66,75.74,-70.44,38.23,173.42,49.62,5.84,1.36,223.04,0,0
2025-01-26 19:00:00,8.94,27.5,46789.16,6.93,76.06,-71.53,43.1,239.32,64.22,7.54,1.6,303.54,0,0
2025-01-26 20:00:00,7.31,27.18,46528.63,6.64,74.71,-69.75,39.26,190.26,42.34,6.16,1.2,232.6,0,1
2025-01-26 21:00:00,7.88,29.27,43838.14,6.85,77.35,-68.91,39.34,170.82,57.22,6.66,0.94,228.04,0,0
2025-01-26 22:00:00,8.3,30.09,38178.25,6.74,78.09,-70.15,39.0,218.4,54.08,6.86,1.35,272.48,0,0
2025-01-26 23:00:00,7.75,29.88,36415.54,6.64,77.8,-70.09,40.06,187.36,61.71,6.67,1.18,249.07,0,0
2025-01-27 00:00:00,9.01,30.3,41128.57,6.61,77.01,-69.62,42.62,226.07,59.74,7.51,1.4,285.81,0,0
2025-01-27 01:00:00,8.39,35.33,49067.71,6.56,79.67,-71.08,38.79,241.53,64.35,7.31,1.33,305.88,0,0
2025-01-27 02:00:00,8.77,33.91,33843.63,6.26,80.39,-70.99,39.35,221.22,61.11,7.39,1.37,282.33,0,0
2025-01-27 03:00:00,10.6,33.46,29675.11,6.76,79.51,-69.38,41.9,260.64,63.93,8.82,1.79,324.57,0,0
2025-01-27 04:00:00,8.61,36.07,36221.18,6.71,81.13,-69.76,39.22,156.56,62.29,6.97,1.81,218.85,0,0
2025-01-27 05:00:00,7.49,35.23,26546.5,6.86,80.03,-70.61,37.45,185.23,58.73,6.35,1.12,243.96,0,0
2025-01-27 06:00:00,11.15,35.2,29208.35,6.52,82.45,-69.64,43.16,283.38,69.99,9.11,2.07,353.37,0,0
2025-01-27 07:00:00,11.96,36.04,39469.24,7.13,82.16,-72.19,44.3,367.0,56.67,9.74,2.35,423.67,0,0
2025-01-27 08:00:00,9.18,33.42,35581.61,6.56,79.7,-71.14,39.62,241.83,53.49,7.9,1.06,295.33,0,0
2025-01-27 09:00:00,7.63,34.76,26881.71,6.44,81.07,-71.49,38.19,128.96,62.71,6.19,1.4,191.68,0,0
2025-01-27 10:00:00,8.86,35.81,32275.34,6.42,80.07,-70.3,38.03,197.71,50.82,7.84,1.15,248.53,0,0
2025-01-27 11:00:00,8.61,33.12,33794.83,6.25,79.9,-70.27,38.64,192.2,62.86,7.31,1.31,255.06,0,0
2025-01-27 12:00:00,8.42,31.09,28284.09,7.08,77.82,-71.62,39.21,204.37,61.17,7.16,1.48,265.54,0,0
2025-01-27 13:00:00,7.31,29.91,26029.78,7.06,76.4,-72.33,37.99,170.36,49.03,6.03,1.04,219.39,0,0
2025-01-27 14:00:00,8.58,29.07,31457.14,6.88,75.75,-74.34,37.94,190.94,45.48,7.46,0.86,236.42,0,0
2025-01-27 15:00:00,8.32,28.45,33695.23,6.53,75.35,-72.54,38.37,189.03,53.21,7.05,1.38,242.24,0,0
2025-01-27 16:00:00,6.36,27.69,29365.07,7.23,75.28,-72.28,36.42,121.0,62.81,5.25,1.24,183.81,0,0
2025-01-27 17:00:00,8.26,28.86,24136.74,6.71,74.91,-72.01,39.5,127.04,51.26,7.07,1.16,178.3,0,0
2025-01-27 18:00:00,9.49,25.57,33069.69,6.76,74.69,-71.28,37.64,227.98,55.62,7.65,1.9,283.59,0,0
2025-01-27 19:00:00,7.9,28.84,20000.0,7.21,74.15,-74.8,36.79,195.44,49.3,6.42,1.59,244.74,0,0
2025-01-27 20:00:00,7.63,27.78,25585.25,7.05,74.75,-73.4,35.47,164.77,61.69,6.29,1.21,226.46,0,0
2025-01-27 21:00:00,8.06,29.35,24794.16,7.46,78.43,-72.23,39.17,188.13,54.33,6.94,1.02,242.46,0,0
2025-01-27 22:00:00,9.06,28.41,30313.14,7.0,75.72,-71.92,37.98,230.06,55.24,7.63,1.46,285.3,0,0
2025-01-27 23:00:00,7.32,32.35,37134.35,6.87,77.01,-71.56,39.13,137.5,61.89,6.35,1.1,199.39,0,0
2025-01-28 00:00:00,9.41,33.32,37364.72,6.85,82.16,-69.59,43.81,258.77,65.46,7.65,1.59,324.23,0,0
2025-01-28 01:00:00,9.31,34.05,32102.56,6.57,79.74,-69.38,42.93,258.68,55.6,7.99,1.29,314.28,0,0
2025-01-28 02:00:00,11.7,32.08,36045.1,6.99,78.73,-71.45,40.54,286.48,60.25,9.81,1.86,346.73,0,0
2025-01-28 03:00:00,10.22,35.76,35962.65,7.38,81.89,-70.06,42.34,240.46,70.66,8.33,1.95,311.12,0,0
2025-01-28 04:00:00,12.16,35.93,23420.59,7.27,80.14,-70.95,40.59,331.47,69.19,10.51,1.65,400.66,0,0
2025-01-28 05:00:00,9.88,33.96,39884.03,7.15,82.99,-68.82,40.19,287.51,52.37,8.26,1.54,339.89,0,0
2025-01-28 06:00:00,11.55,36.04,27475.64,6.93,81.5,-70.13,42.26,340.91,57.22,9.57,2.16,398.13,0,0
2025-01-28 07:00:00,11.37,36.41,38018.19,7.26,81.45,-68.78,45.16,364.44,62.4,9.49,1.79,426.84,0,0
2025-01-28 08:00:00,10.29,36.29,34155.54,7.48,83.24,-68.28,42.92,282.17,56.81,8.58,1.66,338.98,0,0
2025-01-28 09:00:00,11.15,35.24,35578.54,7.36,81.58,-69.61,41.48,268.43,53.96,9.34,1.56,322.39,0,0
2025-01-28 10:00:00,11.94,34.6,31975.07,7.31,81.19,-68.02,44.53,328.32,63.93,9.87,1.96,392.25,0,1
2025-01-28 11:00:00,10.38,35.1,51771.63,7.09,80.36,-69.21,40.1,278.91,57.73,8.28,2.18,336.65,0,0
2025-01-28 12:00:00,8.96,33.82,31443.97,7.52,77.86,-69.33,39.3,251.06,55.89,7.57,1.44,306.95,0,0
2025-01-28 13:00:00,10.27,27.92,38341.05,6.53,78.33,-70.21,41.19,244.99,73.47,8.38,1.99,318.46,0,1
2025-01-28 14:00:00,9.31,30.07,34084.62,7.42,78.01,-70.34,41.2,233.25,58.63,7.57,1.82,291.88,0,0
2025-01-28 15:00:00,9.69,29.48,30333.91,7.98,75.99,-71.49,41.33,261.61,60.5,8.03,1.97,322.1,0,0
2025-01-28 16:00:00,9.86,26.99,46098.22,6.97,77.75,-70.52,42.45,377.49,65.67,8.36,1.39,443.16,0,0
2025-01-28 17:00:00,8.4,28.86,41815.0,7.29,76.23,-70.59,40.78,226.26,55.71,7.03,1.13,281.97,0,0
2025-01-28 18:00:00,8.57,30.16,38698.38,7.35,75.31,-72.01,41.18,257.19,60.25,7.01,1.4,317.44,0,0
2025-01-28 19:00:00,10.62,27.55,41892.35,7.23,75.57,-71.19,44.07,337.3,67.7,8.65,1.86,405.0,0,0
2025-01-28 20:00:00,9.97,29.72,48095.78,7.6,75.98,-72.37,43.34,293.88,64.21,8.39,1.43,358.1,0,0
2025-01-28 21:00:00,8.45,28.9,43178.54,7.46,74.86,-71.44,41.19,181.85,74.08,6.48,1.99,255.93,0,0
2025-01-28 22:00:00,11.84,30.08,39132.63,7.37,76.74,-72.22,44.74,386.37,75.82,10.08,1.96,462.19,0,0
2025-01-28 23:00:00,11.8,33.68,41194.66,7.52,77.99,-70.62,45.37,352.02,64.14,9.25,2.79,416.17,0,0
2025-01-29 00:00:00,11.36,32.35,43482.34,7.31,78.26,-73.35,38.46,260.75,68.57,9.63,1.8,329.31,1,0
2025-01-29 01:00:00,11.26,34.65,43649.29,8.08,80.0,-71.62,38.78,163.54,61.27,9.84,1.74,224.81,0,0
2025-01-29 02:00:00,13.61,32.87,43902.22,7.31,80.51,-73.86,42.69,344.56,77.45,12.8,0.76,422.01,0,0
2025-01-29 03:00:00,13.55,38.23,40120.68,7.3,81.95,-73.5,39.63,327.12,65.12,12.54,0.77,392.25,0,0
2025-01-29 04:00:00,15.71,37.41,46944.28,6.8,82.59,-72.44,46.14,430.77,76.99,14.08,1.78,507.77,0,0
2025-01-29 05:00:00,14.19,36.92,50571.29,7.06,82.51,-73.25,40.27,347.66,77.53,12.63,1.28,425.19,0,0
2025-01-29 06:00:00,14.33,38.02,52528.35,7.46,81.0,-73.74,41.85,312.68,82.59,11.96,2.26,395.27,0,0
2025-01-29 07:00:00,13.91,35.56,55152.15,6.81,84.43,-70.41,41.32,328.91,78.04,12.21,1.78,406.94,0,0
2025-01-29 08:00:00,14.81,38.33,55840.13,6.58,81.98,-71.77,46.43,369.23,86.09,12.75,2.04,455.32,0,0
2025-01-29 09:00:00,14.57,35.94,52824.98,7.1,81.4,-72.33,42.14,348.69,79.76,12.49,2.05,428.45,0,0
2025-01-29 10:00:00,15.01,35.3,46703.03,7.4,80.19,-72.62,41.97,381.39,79.87,13.3,1.53,461.26,0,0
2025-01-29 11:00:00,13.24,34.05,67098.25,7.04,79.82,-72.58,42.24,335.13,70.31,11.35,1.89,405.44,0,0
2025-01-29 12:00:00,13.13,32.95,65685.13,6.92,81.1,-69.98,42.63,328.7,78.05,11.71,1.57,406.75,0,0
2025-01-29 13:00:00,12.89,33.5,55055.25,6.5,79.7,-72.59,40.92,289.22,77.73,10.7,2.2,366.94,0,0
2025-01-29 14:00:00,13.86,32.06,50912.04,7.05,77.69,-73.6,41.99,309.09,74.81,12.19,1.55,383.9,0,0
2025-01-29 15:00:00,14.36,31.75,52936.88,7.07,76.42,-71.95,37.9,267.84,75.26,12.26,1.91,343.1,0,0
2025-01-29 16:00:00,12.52,30.37,54495.67,6.43,76.71,-72.68,41.25,287.75,80.07,10.84,1.55,367.82,0,0
2025-01-29 17:00:00,12.54,30.64,65406.52,7.14,76.1,-70.53,42.34,303.37,71.01,10.96,1.64,374.38,0,0
2025-01-29 18:00:00,13.26,29.43,60106.92,7.02,75.52,-72.93,44.17,308.64,74.99,11.14,2.17,383.62,0,0
2025-01-29 19:00:00,12.9,32.79,70993.51,7.08,76.56,-71.22,44.96,388.86,76.79,11.18,1.6,465.65,0,0
2025-01-29 20:00:00,14.2,28.67,64015.59,6.92,75.84,-71.38,43.25,419.9,76.38,12.27,1.6,496.27,0,0
2025-01-29 21:00:00,11.6,32.75,59561.56,6.92,77.02,-72.31,42.28,236.96,63.18,9.88,1.78,300.13,0,0
2025-01-29 22:00:00,13.22,33.74,62597.31,6.86,77.79,-72.29,41.14,347.78,74.99,11.33,1.76,422.77,0,0
2025-01-29 23:00:00,13.64,32.08,53023.93,6.93,78.77,-70.84,43.14,220.12,74.87,11.91,1.83,294.99,0,0
2025-01-30 00:00:00,12.65,36.85,70579.5,6.24,78.88,-70.69,42.15,299.86,82.44,10.66,1.88,382.3,0,0
2025-01-30 01:00:00,14.26,36.44,73359.77,6.31,81.33,-71.73,42.84,430.5,81.65,12.28,1.83,512.15,0,0
2025-01-30 02:00:00,14.67,37.4,72061.9,6.49,80.35,-71.67,45.15,398.4,76.08,12.44,2.25,474.48,0,0
2025-01-30 03:00:00,15.63,37.13,66934.81,6.63,81.29,-72.88,47.61,436.3,88.82,13.21,2.77,525.12,0,0
2025-01-30 04:00:00,17.07,37.5,77385.91,6.75,82.21,-69.88,47.81,569.05,91.05,15.3,1.88,660.1,0,0
2025-01-30 05:00:00,16.03,37.94,79339.37,6.73,82.03,-70.89,48.77,452.57,94.45,13.9,2.16,547.01,0,0
2025-01-30 06:00:00,15.43,38.82,86584.34,6.93,84.67,-69.98,45.62,481.82,79.24,13.0,2.48,561.07,0,0
2025-01-30 07:00:00,16.32,39.92,76003.25,6.94,82.04,-72.61,47.91,473.72,87.99,14.11,1.95,561.7,0,0
2025-01-30 08:00:00,17.24,38.08,78141.04,6.44,82.05,-72.27,46.37,544.08,88.12,14.41,2.66,632.2,0,0
2025-01-30 09:00:00,15.27,36.15,67394.21,6.72,83.31,-71.38,45.29,368.53,82.03,13.04,1.86,450.56,0,0
2025-01-30 10:00:00,15.12,37.42,82380.24,6.46,81.04,-72.28,46.46,457.43,76.7,12.79,2.59,534.13,0,0
2025-01-30 11:00:00,16.19,36.59,73368.86,6.64,80.34,-72.19,46.92,415.6,89.2,13.49,2.93,504.8,0,0
2025-01-30 12:00:00,15.21,35.25,77757.57,6.78,78.66,-72.24,46.19,418.87,84.61,13.18,2.09,503.48,0,0
2025-01-30 13:00:00,15.71,34.33,74283.85,5.86,79.68,-70.41,45.1,484.34,90.67,13.28,2.45,575.02,0,0
2025-01-30 14:00:00,14.85,32.16,82578.27,7.33,79.11,-72.65,47.24,437.77,81.61,12.53,2.09,519.38,0,0
2025-01-30 15:00:00,15.26,30.55,80341.89,6.89,78.19,-72.01,48.56,474.51,81.49,12.83,2.4,556.0,0,1
2025-01-30 16:00:00,13.52,29.99,93573.12,6.63,77.82,-73.74,44.82,434.58,80.5,12.44,1.35,515.08,0,0
2025-01-30 17:00:00,14.33,28.67,73925.38,7.28,76.36,-74.87,42.9,378.01,72.41,11.96,2.39,450.42,0,0
2025-01-30 18:00:00,14.11,30.78,76007.08,6.74,75.65,-73.95,45.9,366.99,84.88,11.3,2.73,451.87,0,0
2025-01-30 19:00:00,13.24,30.54,93303.65,6.89,75.98,-74.87,44.94,363.01,81.46,10.67,2.31,444.47,0,1
2025-01-30 20:00:00,13.04,30.5,89435.64,6.76,78.52,-72.37,44.91,383.32,81.84,11.29,1.96,465.16,0,0
2025-01-30 21:00:00,15.25,28.12,80274.68,7.32,78.22,-73.11,47.23,502.52,85.2,13.49,1.75,587.71,0,0
2025-01-30 22:00:00,14.55,30.99,84051.82,6.91,77.46,-74.33,45.3,394.99,76.44,12.13,2.16,471.43,0,0
2025-01-30 23:00:00,14.21,34.78,95656.68,7.01,79.47,-70.07,46.14,454.73,79.5,12.44,1.62,534.23,0,0
